-- phpMyAdmin SQL Dump
-- version 5.2.1
-- https://www.phpmyadmin.net/
--
-- Host: kuisionerdosen-db-1:3306
-- Waktu pembuatan: 18 Jun 2026 pada 06.04
-- Versi server: 10.6.26-MariaDB-ubu2204
-- Versi PHP: 8.2.27

SET SQL_MODE = "NO_AUTO_VALUE_ON_ZERO";
START TRANSACTION;
SET time_zone = "+00:00";


/*!40101 SET @OLD_CHARACTER_SET_CLIENT=@@CHARACTER_SET_CLIENT */;
/*!40101 SET @OLD_CHARACTER_SET_RESULTS=@@CHARACTER_SET_RESULTS */;
/*!40101 SET @OLD_COLLATION_CONNECTION=@@COLLATION_CONNECTION */;
/*!40101 SET NAMES utf8mb4 */;

--
-- Database: `kuisioner_dosen`
--

-- --------------------------------------------------------

--
-- Struktur dari tabel `cache`
--

CREATE TABLE `cache` (
  `key` varchar(255) NOT NULL,
  `value` mediumtext NOT NULL,
  `expiration` bigint(20) NOT NULL
) ENGINE=InnoDB DEFAULT CHARSET=utf8mb4 COLLATE=utf8mb4_unicode_ci;

-- --------------------------------------------------------

--
-- Struktur dari tabel `cache_locks`
--

CREATE TABLE `cache_locks` (
  `key` varchar(255) NOT NULL,
  `owner` varchar(255) NOT NULL,
  `expiration` bigint(20) NOT NULL
) ENGINE=InnoDB DEFAULT CHARSET=utf8mb4 COLLATE=utf8mb4_unicode_ci;

-- --------------------------------------------------------

--
-- Struktur dari tabel `dosens`
--

CREATE TABLE `dosens` (
  `id` bigint(20) UNSIGNED NOT NULL,
  `name` varchar(255) NOT NULL,
  `created_at` timestamp NULL DEFAULT NULL,
  `updated_at` timestamp NULL DEFAULT NULL
) ENGINE=InnoDB DEFAULT CHARSET=utf8mb4 COLLATE=utf8mb4_unicode_ci;

--
-- Dumping data untuk tabel `dosens`
--

INSERT INTO `dosens` (`id`, `name`, `created_at`, `updated_at`) VALUES
(1, 'Feiza Salsabila Deka, S.I.Kom., M.I.Kom.', '2026-06-13 16:05:08', '2026-06-13 16:05:08'),
(2, 'H. Agus Srimudin, S.Pd.I., M.I.Kom', '2026-06-13 16:05:08', '2026-06-13 16:05:08'),
(3, 'Intan Putri, S.I.Kom,. M.I.Kom', '2026-06-13 16:05:08', '2026-06-13 16:05:08'),
(4, 'RIKO FARDIANSYAH, S.I.KOM., M.I.KOM', '2026-06-13 16:05:08', '2026-06-13 16:05:08'),
(5, 'Adli, S.Sos.I., M.Sc', '2026-06-13 16:05:08', '2026-06-13 16:05:08'),
(6, 'Doris Saputra, S. P., M. Si', '2026-06-13 16:05:08', '2026-06-13 16:05:08'),
(7, 'Budi Fachrudin, S.P., M.Si', '2026-06-13 16:05:08', '2026-06-13 16:05:08'),
(8, 'Annisa Ghina Istighfarany, S.I.Kom.,M.I.Kom', '2026-06-13 16:05:09', '2026-06-13 16:05:09'),
(9, 'Vanesha Rahmania, S.E., M.Si.', '2026-06-13 16:05:09', '2026-06-13 16:05:09'),
(10, 'Dormauli Justina, SE., M.Si', '2026-06-13 16:05:09', '2026-06-13 16:05:09'),
(11, 'Dr.Denyus Mardony, MSI, AAAIK, ANZIIF,CIIB,CIP', '2026-06-13 16:05:09', '2026-06-13 16:05:09'),
(12, 'Anton Kurniawan, S.SI., M.Si.', '2026-06-13 16:05:09', '2026-06-13 16:05:09'),
(13, 'Santi Oktavianti, S.Pd., M.M.', '2026-06-13 16:05:09', '2026-06-13 16:05:09'),
(14, 'Anton Trianto S.E., M.M', '2026-06-13 16:05:09', '2026-06-13 16:05:09'),
(15, 'Dr. Riri Hanifa SE,MM, Ir. Syarif Usman, MBA, MH, CRMP, QIA', '2026-06-13 16:05:09', '2026-06-13 16:05:09'),
(16, 'Rabin Ibnu Zainal, SE, M.Sc, Ph.D, H.M. Giri Ramanda Kiemas S.E., M.M', '2026-06-13 16:05:09', '2026-06-13 16:05:09'),
(17, 'Drs. Saudi Berlian, M.Si', '2026-06-13 16:05:09', '2026-06-13 16:05:09'),
(18, 'Rabin Ibnu Zainal, SE, M.Sc, Ph.D', '2026-06-13 16:05:09', '2026-06-13 16:05:09'),
(19, 'Muhammad Iqbal, S.E., M.M', '2026-06-13 16:05:09', '2026-06-13 16:05:09'),
(20, 'Dr. Riri Hanifa SE,MM', '2026-06-13 16:05:09', '2026-06-13 16:05:09'),
(21, 'Rizal EffendI, SE. M.Si', '2026-06-13 16:05:09', '2026-06-13 16:05:09'),
(22, 'Noprian, S.E., M.M.', '2026-06-13 16:05:09', '2026-06-13 16:05:09'),
(23, 'M. Shalahuddin, S.E., M.M', '2026-06-13 16:05:09', '2026-06-13 16:05:09'),
(24, 'Rikkie Dekas, S.E., M.M.', '2026-06-13 16:05:09', '2026-06-13 16:05:09'),
(25, 'Firmansyah, S.E., M.Si', '2026-06-13 16:05:09', '2026-06-13 16:05:09'),
(26, 'Henny Oktaviyani, S.E., M.M', '2026-06-13 16:05:09', '2026-06-13 16:05:09'),
(27, 'Intan Putri, S.I.Kom,. M.I.Kom, Muhammad Rajab Sapriadi, S.Ikom', '2026-06-13 16:05:09', '2026-06-13 16:05:09'),
(28, 'Tim Pembimbing', '2026-06-13 16:05:09', '2026-06-13 16:05:09'),
(29, 'Tim Penguji', '2026-06-13 16:05:09', '2026-06-13 16:05:09'),
(30, 'Ubaidillah, M.Kom', '2026-06-13 16:05:09', '2026-06-13 16:05:09'),
(31, 'Dr. M. Taufik Roseno, ST', '2026-06-13 16:05:09', '2026-06-13 16:05:09'),
(32, 'Ruswa Dwipa, S.Kom., M.M', '2026-06-13 16:05:09', '2026-06-13 16:05:09'),
(33, 'Dr.Hadi Syaputra,s.kom.,M.Kom', '2026-06-13 16:05:09', '2026-06-13 16:05:09'),
(34, 'Rina Pebriana, M.Pd', '2026-06-13 16:05:09', '2026-06-13 16:05:09'),
(35, 'Nirmala Jayanti, S.P., M.Si', '2026-06-13 16:05:09', '2026-06-13 16:05:09'),
(36, 'Serly Oktarina, S.Kom., M.Kom', '2026-06-13 16:05:09', '2026-06-13 16:05:09'),
(37, 'Diah Triesia, S.Kom., M.Kom', '2026-06-13 16:05:09', '2026-06-13 16:05:09'),
(38, 'Erlinda, S.Pd., M.Pd', '2026-06-13 16:05:09', '2026-06-13 16:05:09'),
(39, 'Jailani, S.AP., M.Si, C.SA, C.Md', '2026-06-13 16:05:09', '2026-06-13 16:05:09'),
(40, 'Rani Ria Rizki, M.Si', '2026-06-13 16:05:09', '2026-06-13 16:05:09'),
(41, 'Donny Prariska, S.Pi., M.Si', '2026-06-13 16:05:09', '2026-06-13 16:05:09'),
(42, 'Rizki Eka Puteri, S.Pt., M.Si, Guttifera, S.Pi., M.Si', '2026-06-13 16:05:09', '2026-06-13 16:05:09'),
(43, 'The Best Akbar Esa Putra, S.Pi., M.Si, Guttifera, S.Pi., M.Si', '2026-06-13 16:05:09', '2026-06-13 16:05:09'),
(44, 'Guttifera, S.Pi., M.Si', '2026-06-13 16:05:09', '2026-06-13 16:05:09'),
(45, 'Rizki Eka Puteri, S.Pt., M.Si', '2026-06-13 16:05:09', '2026-06-13 16:05:09'),
(46, 'The Best Akbar Esa Putra, S.Pi., M.Si', '2026-06-13 16:05:09', '2026-06-13 16:05:09'),
(47, 'DR. Ir. Elmeizy Arafah, M.S., Guttifera, S.Pi., M.Si', '2026-06-13 16:05:09', '2026-06-13 16:05:09'),
(48, 'Yuwinti Nearti, S.P., M.Si', '2026-06-13 16:05:09', '2026-06-13 16:05:09'),
(49, 'DR. Ir. Elmeizy Arafah, M.S.', '2026-06-13 16:05:09', '2026-06-13 16:05:09'),
(50, 'Ismail, S.P., M.Si', '2026-06-13 16:05:09', '2026-06-13 16:05:09'),
(51, 'Eka Lutfiyatun, M.Pd', '2026-06-14 06:24:35', '2026-06-14 06:24:35'),
(52, 'Rabin Ibnu Zainal, SE, M.Sc, Ph.D, Anton Trianto S.E., M.M', '2026-06-14 06:24:35', '2026-06-14 06:24:35'),
(53, 'Serli Lestari, S.Pd., M.Pd., M.M', '2026-06-14 06:24:35', '2026-06-14 06:24:35'),
(54, 'Nozylianty, S.Pd., M.Pd', '2026-06-14 06:24:35', '2026-06-14 06:24:35'),
(55, 'Andre, Lc., M.Pd', '2026-06-14 06:24:35', '2026-06-14 06:24:35'),
(56, 'Grace Twenty Agustine, S.T., M.M.', '2026-06-14 06:24:35', '2026-06-14 06:24:35'),
(57, 'Muhammad Rajab Sapriadi, S.Ikom', '2026-06-14 06:24:35', '2026-06-14 06:24:35'),
(58, 'Rabin Ibnu Zainal, SE, M.Sc, Ph.D, Muhammad Iqbal, S.E., M.M', '2026-06-14 06:24:35', '2026-06-14 06:24:35'),
(59, 'Vanesha Rahmania, S.E., M.Si., Muhammad Iqbal, S.E., M.M', '2026-06-14 06:24:35', '2026-06-14 06:24:35'),
(60, 'Hadi Syaputra, M.Kom', '2026-06-14 06:24:35', '2026-06-14 06:24:35'),
(61, 'Usep Teisnajaya, S.Kom., M.Kom', '2026-06-14 06:24:35', '2026-06-14 06:24:35'),
(62, 'Evinanto, M.Pd', '2026-06-14 06:24:35', '2026-06-14 06:24:35'),
(63, 'Irnansyah, S.Pd., M.Pd', '2026-06-14 06:24:36', '2026-06-14 06:24:36'),
(64, 'Rizki Eka Puteri, S.Pt., M.Si, The Best Akbar Esa Putra, S.Pi., M.Si', '2026-06-14 06:24:36', '2026-06-14 06:24:36'),
(65, 'Guttifera, S.Pi., M.Si, DR. Ir. Elmeizy Arafah, M.S.', '2026-06-14 06:24:36', '2026-06-14 06:24:36'),
(66, 'Dr. Khoirawati, M.Ag', '2026-06-14 06:24:36', '2026-06-14 06:24:36');

-- --------------------------------------------------------

--
-- Struktur dari tabel `evaluations`
--

CREATE TABLE `evaluations` (
  `id` bigint(20) UNSIGNED NOT NULL,
  `jadwal_id` bigint(20) UNSIGNED NOT NULL,
  `answers` longtext CHARACTER SET utf8mb4 COLLATE utf8mb4_bin DEFAULT NULL CHECK (json_valid(`answers`)),
  `saran` text DEFAULT NULL,
  `created_at` timestamp NULL DEFAULT NULL,
  `updated_at` timestamp NULL DEFAULT NULL
) ENGINE=InnoDB DEFAULT CHARSET=utf8mb4 COLLATE=utf8mb4_unicode_ci;

--
-- Dumping data untuk tabel `evaluations`
--

INSERT INTO `evaluations` (`id`, `jadwal_id`, `answers`, `saran`, `created_at`, `updated_at`) VALUES
(1, 218, '{\"q_1\":\"5\",\"q_2\":\"5\",\"q_3\":\"5\",\"q_4\":\"5\",\"q_5\":\"5\",\"q_6\":\"5\",\"q_7\":\"5\",\"q_8\":\"5\",\"q_9\":\"5\",\"q_10\":\"5\",\"q_11\":\"5\",\"q_12\":\"5\",\"q_13\":\"5\",\"q_14\":\"5\",\"q_15\":\"5\",\"q_16\":\"5\",\"q_17\":\"5\"}', NULL, '2026-06-14 06:27:07', '2026-06-14 06:27:07'),
(2, 166, '{\"q_1\":\"5\",\"q_2\":\"5\",\"q_3\":\"5\",\"q_4\":\"5\",\"q_5\":\"5\",\"q_6\":\"5\",\"q_7\":\"5\",\"q_8\":\"5\",\"q_9\":\"5\",\"q_10\":\"5\",\"q_11\":\"5\",\"q_12\":\"5\",\"q_13\":\"5\",\"q_14\":\"5\",\"q_15\":\"5\",\"q_16\":\"5\",\"q_17\":\"5\"}', NULL, '2026-06-14 12:13:50', '2026-06-14 12:13:50'),
(3, 153, '{\"q_1\":\"5\",\"q_2\":\"5\",\"q_3\":\"5\",\"q_4\":\"5\",\"q_5\":\"5\",\"q_6\":\"5\",\"q_7\":\"5\",\"q_8\":\"5\",\"q_9\":\"5\",\"q_10\":\"5\",\"q_11\":\"5\",\"q_12\":\"5\",\"q_13\":\"5\",\"q_14\":\"5\",\"q_15\":\"5\",\"q_16\":\"5\",\"q_17\":\"5\"}', NULL, '2026-06-15 05:57:15', '2026-06-15 05:57:15'),
(4, 238, '{\"q_1\":\"4\",\"q_2\":\"4\",\"q_3\":\"4\",\"q_4\":\"4\",\"q_5\":\"4\",\"q_6\":\"4\",\"q_7\":\"4\",\"q_8\":\"4\",\"q_9\":\"4\",\"q_10\":\"4\",\"q_11\":\"4\",\"q_12\":\"4\",\"q_13\":\"4\",\"q_14\":\"4\",\"q_15\":\"4\",\"q_16\":\"4\",\"q_17\":\"4\"}', NULL, '2026-06-15 08:18:50', '2026-06-15 08:18:50'),
(5, 146, '{\"q_1\":\"5\",\"q_2\":\"5\",\"q_3\":\"5\",\"q_4\":\"5\",\"q_5\":\"5\",\"q_6\":\"5\",\"q_7\":\"5\",\"q_8\":\"5\",\"q_9\":\"5\",\"q_10\":\"5\",\"q_11\":\"5\",\"q_12\":\"5\",\"q_13\":\"5\",\"q_14\":\"5\",\"q_15\":\"5\",\"q_16\":\"5\",\"q_17\":\"5\"}', 'Semoga ilmu yang di berikan kepada siswa dan siswinya bermanfaat dan berguna untuk semuanya', '2026-06-15 11:52:10', '2026-06-15 11:52:10'),
(6, 180, '{\"q_1\":\"4\",\"q_2\":\"4\",\"q_3\":\"4\",\"q_4\":\"4\",\"q_5\":\"4\",\"q_6\":\"5\",\"q_7\":\"4\",\"q_8\":\"5\",\"q_9\":\"4\",\"q_10\":\"5\",\"q_11\":\"5\",\"q_12\":\"5\",\"q_13\":\"5\",\"q_14\":\"4\",\"q_15\":\"4\",\"q_16\":\"4\",\"q_17\":\"4\"}', NULL, '2026-06-15 13:04:04', '2026-06-15 13:04:04'),
(7, 243, '{\"q_1\":\"5\",\"q_2\":\"5\",\"q_3\":\"5\",\"q_4\":\"5\",\"q_5\":\"5\",\"q_6\":\"5\",\"q_7\":\"5\",\"q_8\":\"5\",\"q_9\":\"5\",\"q_10\":\"5\",\"q_11\":\"5\",\"q_12\":\"5\",\"q_13\":\"5\",\"q_14\":\"5\",\"q_15\":\"5\",\"q_16\":\"5\",\"q_17\":\"4\"}', 'Terimakasih', '2026-06-16 00:00:03', '2026-06-16 00:00:03'),
(8, 199, '{\"q_1\":\"4\",\"q_2\":\"5\",\"q_3\":\"5\",\"q_4\":\"5\",\"q_5\":\"4\",\"q_6\":\"4\",\"q_7\":\"5\",\"q_8\":\"5\",\"q_9\":\"5\",\"q_10\":\"5\",\"q_11\":\"5\",\"q_12\":\"5\",\"q_13\":\"4\",\"q_14\":\"5\",\"q_15\":\"4\",\"q_16\":\"5\",\"q_17\":\"4\"}', 'luar biasa ma syaa Allah, dalam menyampaian materi sangat mudah di pahami oleh mahasiswa', '2026-06-16 04:45:35', '2026-06-16 04:45:35'),
(9, 266, '{\"q_1\":\"4\",\"q_2\":\"4\",\"q_3\":\"4\",\"q_4\":\"4\",\"q_5\":\"4\",\"q_6\":\"4\",\"q_7\":\"4\",\"q_8\":\"4\",\"q_9\":\"4\",\"q_10\":\"4\",\"q_11\":\"4\",\"q_12\":\"4\",\"q_13\":\"4\",\"q_14\":\"4\",\"q_15\":\"4\",\"q_16\":\"4\",\"q_17\":\"4\"}', NULL, '2026-06-16 10:08:04', '2026-06-16 10:08:04'),
(10, 268, '{\"q_1\":\"3\",\"q_2\":\"4\",\"q_3\":\"3\",\"q_4\":\"3\",\"q_5\":\"3\",\"q_6\":\"2\",\"q_7\":\"2\",\"q_8\":\"3\",\"q_9\":\"3\",\"q_10\":\"3\",\"q_11\":\"3\",\"q_12\":\"3\",\"q_13\":\"3\",\"q_14\":\"4\",\"q_15\":\"3\",\"q_16\":\"3\",\"q_17\":\"3\"}', NULL, '2026-06-16 10:10:14', '2026-06-16 10:10:14'),
(11, 167, '{\"q_1\":\"5\",\"q_2\":\"5\",\"q_3\":\"5\",\"q_4\":\"5\",\"q_5\":\"5\",\"q_6\":\"5\",\"q_7\":\"5\",\"q_8\":\"5\",\"q_9\":\"5\",\"q_10\":\"5\",\"q_11\":\"5\",\"q_12\":\"5\",\"q_13\":\"5\",\"q_14\":\"5\",\"q_15\":\"5\",\"q_16\":\"5\",\"q_17\":\"5\"}', 'Tidak ada', '2026-06-17 01:31:29', '2026-06-17 01:31:29'),
(12, 251, '{\"q_1\":\"5\",\"q_2\":\"5\",\"q_3\":\"5\",\"q_4\":\"5\",\"q_5\":\"5\",\"q_6\":\"5\",\"q_7\":\"5\",\"q_8\":\"5\",\"q_9\":\"5\",\"q_10\":\"5\",\"q_11\":\"5\",\"q_12\":\"5\",\"q_13\":\"5\",\"q_14\":\"5\",\"q_15\":\"5\",\"q_16\":\"5\",\"q_17\":\"5\"}', NULL, '2026-06-17 02:06:42', '2026-06-17 02:06:42'),
(13, 251, '{\"q_1\":\"5\",\"q_2\":\"5\",\"q_3\":\"5\",\"q_4\":\"5\",\"q_5\":\"5\",\"q_6\":\"5\",\"q_7\":\"5\",\"q_8\":\"5\",\"q_9\":\"5\",\"q_10\":\"5\",\"q_11\":\"5\",\"q_12\":\"5\",\"q_13\":\"5\",\"q_14\":\"5\",\"q_15\":\"5\",\"q_16\":\"5\",\"q_17\":\"5\"}', NULL, '2026-06-17 02:06:53', '2026-06-17 02:06:53'),
(14, 251, '{\"q_1\":\"5\",\"q_2\":\"5\",\"q_3\":\"5\",\"q_4\":\"5\",\"q_5\":\"5\",\"q_6\":\"5\",\"q_7\":\"5\",\"q_8\":\"5\",\"q_9\":\"5\",\"q_10\":\"5\",\"q_11\":\"5\",\"q_12\":\"5\",\"q_13\":\"5\",\"q_14\":\"5\",\"q_15\":\"5\",\"q_16\":\"5\",\"q_17\":\"5\"}', NULL, '2026-06-17 02:06:58', '2026-06-17 02:06:58'),
(15, 251, '{\"q_1\":\"5\",\"q_2\":\"5\",\"q_3\":\"5\",\"q_4\":\"5\",\"q_5\":\"5\",\"q_6\":\"5\",\"q_7\":\"5\",\"q_8\":\"5\",\"q_9\":\"5\",\"q_10\":\"5\",\"q_11\":\"5\",\"q_12\":\"5\",\"q_13\":\"5\",\"q_14\":\"5\",\"q_15\":\"5\",\"q_16\":\"5\",\"q_17\":\"5\"}', 'Terima kasih atas dedikasi dan dukungannya selama perkuliahan. Metode pengajarannya jelas dan membantu.', '2026-06-17 02:07:25', '2026-06-17 02:07:25'),
(16, 251, '{\"q_1\":\"5\",\"q_2\":\"5\",\"q_3\":\"5\",\"q_4\":\"5\",\"q_5\":\"5\",\"q_6\":\"5\",\"q_7\":\"5\",\"q_8\":\"5\",\"q_9\":\"5\",\"q_10\":\"5\",\"q_11\":\"5\",\"q_12\":\"5\",\"q_13\":\"5\",\"q_14\":\"5\",\"q_15\":\"5\",\"q_16\":\"5\",\"q_17\":\"4\"}', NULL, '2026-06-17 02:07:49', '2026-06-17 02:07:49'),
(17, 251, '{\"q_1\":\"5\",\"q_2\":\"5\",\"q_3\":\"5\",\"q_4\":\"5\",\"q_5\":\"5\",\"q_6\":\"5\",\"q_7\":\"5\",\"q_8\":\"5\",\"q_9\":\"5\",\"q_10\":\"5\",\"q_11\":\"5\",\"q_12\":\"5\",\"q_13\":\"5\",\"q_14\":\"5\",\"q_15\":\"5\",\"q_16\":\"5\",\"q_17\":\"4\"}', NULL, '2026-06-17 02:08:18', '2026-06-17 02:08:18'),
(18, 251, '{\"q_1\":\"5\",\"q_2\":\"5\",\"q_3\":\"5\",\"q_4\":\"5\",\"q_5\":\"5\",\"q_6\":\"4\",\"q_7\":\"5\",\"q_8\":\"5\",\"q_9\":\"5\",\"q_10\":\"5\",\"q_11\":\"5\",\"q_12\":\"5\",\"q_13\":\"5\",\"q_14\":\"5\",\"q_15\":\"5\",\"q_16\":\"5\",\"q_17\":\"5\"}', NULL, '2026-06-17 02:08:19', '2026-06-17 02:08:19'),
(19, 251, '{\"q_1\":\"5\",\"q_2\":\"5\",\"q_3\":\"5\",\"q_4\":\"5\",\"q_5\":\"5\",\"q_6\":\"5\",\"q_7\":\"5\",\"q_8\":\"5\",\"q_9\":\"5\",\"q_10\":\"5\",\"q_11\":\"5\",\"q_12\":\"5\",\"q_13\":\"5\",\"q_14\":\"5\",\"q_15\":\"5\",\"q_16\":\"5\",\"q_17\":\"5\"}', 'SANGAT BAIK', '2026-06-17 02:08:20', '2026-06-17 02:08:20'),
(20, 251, '{\"q_1\":\"5\",\"q_2\":\"5\",\"q_3\":\"5\",\"q_4\":\"5\",\"q_5\":\"5\",\"q_6\":\"5\",\"q_7\":\"5\",\"q_8\":\"5\",\"q_9\":\"5\",\"q_10\":\"5\",\"q_11\":\"5\",\"q_12\":\"5\",\"q_13\":\"5\",\"q_14\":\"5\",\"q_15\":\"5\",\"q_16\":\"5\",\"q_17\":\"5\"}', 'Tetap semangat dan jaga kesehatan', '2026-06-17 02:08:34', '2026-06-17 02:08:34'),
(21, 251, '{\"q_1\":\"5\",\"q_2\":\"5\",\"q_3\":\"5\",\"q_4\":\"5\",\"q_5\":\"5\",\"q_6\":\"5\",\"q_7\":\"5\",\"q_8\":\"5\",\"q_9\":\"5\",\"q_10\":\"5\",\"q_11\":\"5\",\"q_12\":\"5\",\"q_13\":\"5\",\"q_14\":\"5\",\"q_15\":\"5\",\"q_16\":\"5\",\"q_17\":\"5\"}', NULL, '2026-06-17 02:08:57', '2026-06-17 02:08:57'),
(22, 251, '{\"q_1\":\"5\",\"q_2\":\"5\",\"q_3\":\"5\",\"q_4\":\"5\",\"q_5\":\"5\",\"q_6\":\"5\",\"q_7\":\"5\",\"q_8\":\"5\",\"q_9\":\"5\",\"q_10\":\"5\",\"q_11\":\"5\",\"q_12\":\"5\",\"q_13\":\"5\",\"q_14\":\"5\",\"q_15\":\"5\",\"q_16\":\"5\",\"q_17\":\"5\"}', NULL, '2026-06-17 02:09:04', '2026-06-17 02:09:04'),
(23, 251, '{\"q_1\":\"5\",\"q_2\":\"5\",\"q_3\":\"5\",\"q_4\":\"5\",\"q_5\":\"5\",\"q_6\":\"5\",\"q_7\":\"5\",\"q_8\":\"5\",\"q_9\":\"5\",\"q_10\":\"5\",\"q_11\":\"5\",\"q_12\":\"5\",\"q_13\":\"4\",\"q_14\":\"5\",\"q_15\":\"5\",\"q_16\":\"5\",\"q_17\":\"5\"}', NULL, '2026-06-17 02:09:25', '2026-06-17 02:09:25'),
(24, 251, '{\"q_1\":\"3\",\"q_2\":\"5\",\"q_3\":\"4\",\"q_4\":\"3\",\"q_5\":\"3\",\"q_6\":\"3\",\"q_7\":\"4\",\"q_8\":\"3\",\"q_9\":\"3\",\"q_10\":\"3\",\"q_11\":\"3\",\"q_12\":\"4\",\"q_13\":\"4\",\"q_14\":\"4\",\"q_15\":\"3\",\"q_16\":\"3\",\"q_17\":\"3\"}', NULL, '2026-06-17 02:09:27', '2026-06-17 02:09:27'),
(25, 251, '{\"q_1\":\"5\",\"q_2\":\"4\",\"q_3\":\"5\",\"q_4\":\"4\",\"q_5\":\"5\",\"q_6\":\"5\",\"q_7\":\"5\",\"q_8\":\"4\",\"q_9\":\"5\",\"q_10\":\"5\",\"q_11\":\"5\",\"q_12\":\"5\",\"q_13\":\"5\",\"q_14\":\"5\",\"q_15\":\"5\",\"q_16\":\"4\",\"q_17\":\"5\"}', NULL, '2026-06-17 02:10:50', '2026-06-17 02:10:50'),
(26, 251, '{\"q_1\":\"5\",\"q_2\":\"5\",\"q_3\":\"5\",\"q_4\":\"5\",\"q_5\":\"5\",\"q_6\":\"5\",\"q_7\":\"5\",\"q_8\":\"5\",\"q_9\":\"5\",\"q_10\":\"5\",\"q_11\":\"5\",\"q_12\":\"5\",\"q_13\":\"5\",\"q_14\":\"5\",\"q_15\":\"5\",\"q_16\":\"5\",\"q_17\":\"5\"}', NULL, '2026-06-17 02:16:03', '2026-06-17 02:16:03'),
(27, 251, '{\"q_1\":\"4\",\"q_2\":\"4\",\"q_3\":\"5\",\"q_4\":\"4\",\"q_5\":\"4\",\"q_6\":\"4\",\"q_7\":\"4\",\"q_8\":\"3\",\"q_9\":\"4\",\"q_10\":\"5\",\"q_11\":\"5\",\"q_12\":\"5\",\"q_13\":\"4\",\"q_14\":\"4\",\"q_15\":\"4\",\"q_16\":\"3\",\"q_17\":\"4\"}', NULL, '2026-06-17 02:18:15', '2026-06-17 02:18:15'),
(28, 166, '{\"q_1\":\"5\",\"q_2\":\"5\",\"q_3\":\"5\",\"q_4\":\"5\",\"q_5\":\"5\",\"q_6\":\"5\",\"q_7\":\"5\",\"q_8\":\"5\",\"q_9\":\"5\",\"q_10\":\"5\",\"q_11\":\"5\",\"q_12\":\"5\",\"q_13\":\"5\",\"q_14\":\"5\",\"q_15\":\"5\",\"q_16\":\"5\",\"q_17\":\"5\"}', NULL, '2026-06-17 03:05:19', '2026-06-17 03:05:19'),
(29, 170, '{\"q_1\":\"5\",\"q_2\":\"5\",\"q_3\":\"5\",\"q_4\":\"5\",\"q_5\":\"5\",\"q_6\":\"5\",\"q_7\":\"5\",\"q_8\":\"5\",\"q_9\":\"5\",\"q_10\":\"5\",\"q_11\":\"5\",\"q_12\":\"5\",\"q_13\":\"5\",\"q_14\":\"5\",\"q_15\":\"5\",\"q_16\":\"5\",\"q_17\":\"5\"}', NULL, '2026-06-17 03:05:59', '2026-06-17 03:05:59'),
(30, 163, '{\"q_1\":\"5\",\"q_2\":\"5\",\"q_3\":\"5\",\"q_4\":\"5\",\"q_5\":\"5\",\"q_6\":\"5\",\"q_7\":\"5\",\"q_8\":\"5\",\"q_9\":\"5\",\"q_10\":\"5\",\"q_11\":\"5\",\"q_12\":\"5\",\"q_13\":\"5\",\"q_14\":\"5\",\"q_15\":\"5\",\"q_16\":\"5\",\"q_17\":\"5\"}', NULL, '2026-06-17 03:06:30', '2026-06-17 03:06:30'),
(31, 173, '{\"q_1\":\"5\",\"q_2\":\"5\",\"q_3\":\"5\",\"q_4\":\"5\",\"q_5\":\"5\",\"q_6\":\"5\",\"q_7\":\"5\",\"q_8\":\"5\",\"q_9\":\"5\",\"q_10\":\"5\",\"q_11\":\"5\",\"q_12\":\"5\",\"q_13\":\"5\",\"q_14\":\"5\",\"q_15\":\"5\",\"q_16\":\"5\",\"q_17\":\"5\"}', NULL, '2026-06-17 03:20:39', '2026-06-17 03:20:39'),
(32, 175, '{\"q_1\":\"5\",\"q_2\":\"5\",\"q_3\":\"5\",\"q_4\":\"5\",\"q_5\":\"5\",\"q_6\":\"5\",\"q_7\":\"5\",\"q_8\":\"5\",\"q_9\":\"5\",\"q_10\":\"5\",\"q_11\":\"5\",\"q_12\":\"5\",\"q_13\":\"5\",\"q_14\":\"5\",\"q_15\":\"5\",\"q_16\":\"5\",\"q_17\":\"5\"}', NULL, '2026-06-17 03:21:19', '2026-06-17 03:21:19'),
(33, 194, '{\"q_1\":\"5\",\"q_2\":\"5\",\"q_3\":\"5\",\"q_4\":\"5\",\"q_5\":\"5\",\"q_6\":\"5\",\"q_7\":\"5\",\"q_8\":\"5\",\"q_9\":\"5\",\"q_10\":\"5\",\"q_11\":\"5\",\"q_12\":\"5\",\"q_13\":\"5\",\"q_14\":\"5\",\"q_15\":\"5\",\"q_16\":\"5\",\"q_17\":\"5\"}', NULL, '2026-06-17 03:22:05', '2026-06-17 03:22:05'),
(34, 162, '{\"q_1\":\"5\",\"q_2\":\"5\",\"q_3\":\"5\",\"q_4\":\"5\",\"q_5\":\"5\",\"q_6\":\"5\",\"q_7\":\"5\",\"q_8\":\"5\",\"q_9\":\"5\",\"q_10\":\"5\",\"q_11\":\"5\",\"q_12\":\"5\",\"q_13\":\"5\",\"q_14\":\"5\",\"q_15\":\"5\",\"q_16\":\"5\",\"q_17\":\"5\"}', NULL, '2026-06-17 03:22:09', '2026-06-17 03:22:09'),
(35, 195, '{\"q_1\":\"5\",\"q_2\":\"5\",\"q_3\":\"5\",\"q_4\":\"5\",\"q_5\":\"5\",\"q_6\":\"5\",\"q_7\":\"5\",\"q_8\":\"5\",\"q_9\":\"5\",\"q_10\":\"5\",\"q_11\":\"5\",\"q_12\":\"5\",\"q_13\":\"5\",\"q_14\":\"5\",\"q_15\":\"5\",\"q_16\":\"5\",\"q_17\":\"5\"}', NULL, '2026-06-17 03:23:01', '2026-06-17 03:23:01'),
(36, 166, '{\"q_1\":\"5\",\"q_2\":\"5\",\"q_3\":\"5\",\"q_4\":\"5\",\"q_5\":\"5\",\"q_6\":\"5\",\"q_7\":\"5\",\"q_8\":\"5\",\"q_9\":\"5\",\"q_10\":\"5\",\"q_11\":\"5\",\"q_12\":\"5\",\"q_13\":\"5\",\"q_14\":\"5\",\"q_15\":\"5\",\"q_16\":\"5\",\"q_17\":\"5\"}', NULL, '2026-06-17 03:24:53', '2026-06-17 03:24:53'),
(37, 170, '{\"q_1\":\"5\",\"q_2\":\"5\",\"q_3\":\"5\",\"q_4\":\"5\",\"q_5\":\"5\",\"q_6\":\"5\",\"q_7\":\"5\",\"q_8\":\"5\",\"q_9\":\"5\",\"q_10\":\"5\",\"q_11\":\"5\",\"q_12\":\"5\",\"q_13\":\"5\",\"q_14\":\"5\",\"q_15\":\"5\",\"q_16\":\"5\",\"q_17\":\"5\"}', NULL, '2026-06-17 03:25:30', '2026-06-17 03:25:30'),
(38, 163, '{\"q_1\":\"5\",\"q_2\":\"5\",\"q_3\":\"5\",\"q_4\":\"5\",\"q_5\":\"5\",\"q_6\":\"5\",\"q_7\":\"5\",\"q_8\":\"5\",\"q_9\":\"5\",\"q_10\":\"5\",\"q_11\":\"5\",\"q_12\":\"5\",\"q_13\":\"5\",\"q_14\":\"5\",\"q_15\":\"5\",\"q_16\":\"5\",\"q_17\":\"5\"}', NULL, '2026-06-17 03:26:11', '2026-06-17 03:26:11'),
(39, 173, '{\"q_1\":\"5\",\"q_2\":\"5\",\"q_3\":\"5\",\"q_4\":\"5\",\"q_5\":\"5\",\"q_6\":\"5\",\"q_7\":\"5\",\"q_8\":\"5\",\"q_9\":\"5\",\"q_10\":\"5\",\"q_11\":\"5\",\"q_12\":\"5\",\"q_13\":\"5\",\"q_14\":\"5\",\"q_15\":\"5\",\"q_16\":\"5\",\"q_17\":\"5\"}', NULL, '2026-06-17 03:26:48', '2026-06-17 03:26:48'),
(40, 171, '{\"q_1\":\"5\",\"q_2\":\"5\",\"q_3\":\"5\",\"q_4\":\"5\",\"q_5\":\"5\",\"q_6\":\"5\",\"q_7\":\"5\",\"q_8\":\"5\",\"q_9\":\"5\",\"q_10\":\"5\",\"q_11\":\"5\",\"q_12\":\"5\",\"q_13\":\"5\",\"q_14\":\"5\",\"q_15\":\"5\",\"q_16\":\"5\",\"q_17\":\"5\"}', NULL, '2026-06-17 03:28:12', '2026-06-17 03:28:12'),
(41, 167, '{\"q_1\":\"5\",\"q_2\":\"5\",\"q_3\":\"5\",\"q_4\":\"5\",\"q_5\":\"5\",\"q_6\":\"5\",\"q_7\":\"5\",\"q_8\":\"5\",\"q_9\":\"5\",\"q_10\":\"5\",\"q_11\":\"5\",\"q_12\":\"5\",\"q_13\":\"5\",\"q_14\":\"5\",\"q_15\":\"5\",\"q_16\":\"5\",\"q_17\":\"5\"}', NULL, '2026-06-17 03:29:03', '2026-06-17 03:29:03'),
(42, 162, '{\"q_1\":\"5\",\"q_2\":\"5\",\"q_3\":\"5\",\"q_4\":\"5\",\"q_5\":\"5\",\"q_6\":\"5\",\"q_7\":\"5\",\"q_8\":\"5\",\"q_9\":\"5\",\"q_10\":\"5\",\"q_11\":\"5\",\"q_12\":\"5\",\"q_13\":\"5\",\"q_14\":\"5\",\"q_15\":\"5\",\"q_16\":\"5\",\"q_17\":\"5\"}', NULL, '2026-06-17 03:29:41', '2026-06-17 03:29:41'),
(43, 195, '{\"q_1\":\"5\",\"q_2\":\"5\",\"q_3\":\"5\",\"q_4\":\"5\",\"q_5\":\"5\",\"q_6\":\"5\",\"q_7\":\"5\",\"q_8\":\"5\",\"q_9\":\"5\",\"q_10\":\"5\",\"q_11\":\"5\",\"q_12\":\"5\",\"q_13\":\"5\",\"q_14\":\"5\",\"q_15\":\"5\",\"q_16\":\"5\",\"q_17\":\"5\"}', NULL, '2026-06-17 03:48:22', '2026-06-17 03:48:22'),
(44, 174, '{\"q_1\":\"5\",\"q_2\":\"5\",\"q_3\":\"5\",\"q_4\":\"5\",\"q_5\":\"5\",\"q_6\":\"5\",\"q_7\":\"5\",\"q_8\":\"5\",\"q_9\":\"5\",\"q_10\":\"5\",\"q_11\":\"5\",\"q_12\":\"5\",\"q_13\":\"5\",\"q_14\":\"5\",\"q_15\":\"5\",\"q_16\":\"5\",\"q_17\":\"5\"}', NULL, '2026-06-17 03:48:52', '2026-06-17 03:48:52'),
(45, 188, '{\"q_1\":\"5\",\"q_2\":\"5\",\"q_3\":\"5\",\"q_4\":\"5\",\"q_5\":\"5\",\"q_6\":\"5\",\"q_7\":\"5\",\"q_8\":\"5\",\"q_9\":\"5\",\"q_10\":\"5\",\"q_11\":\"5\",\"q_12\":\"5\",\"q_13\":\"5\",\"q_14\":\"5\",\"q_15\":\"5\",\"q_16\":\"5\",\"q_17\":\"5\"}', NULL, '2026-06-17 03:50:11', '2026-06-17 03:50:11'),
(46, 190, '{\"q_1\":\"5\",\"q_2\":\"5\",\"q_3\":\"5\",\"q_4\":\"5\",\"q_5\":\"5\",\"q_6\":\"5\",\"q_7\":\"5\",\"q_8\":\"5\",\"q_9\":\"5\",\"q_10\":\"5\",\"q_11\":\"5\",\"q_12\":\"5\",\"q_13\":\"5\",\"q_14\":\"5\",\"q_15\":\"5\",\"q_16\":\"5\",\"q_17\":\"5\"}', NULL, '2026-06-17 03:50:45', '2026-06-17 03:50:45'),
(47, 187, '{\"q_1\":\"5\",\"q_2\":\"5\",\"q_3\":\"5\",\"q_4\":\"5\",\"q_5\":\"5\",\"q_6\":\"5\",\"q_7\":\"5\",\"q_8\":\"5\",\"q_9\":\"5\",\"q_10\":\"5\",\"q_11\":\"5\",\"q_12\":\"5\",\"q_13\":\"5\",\"q_14\":\"5\",\"q_15\":\"5\",\"q_16\":\"5\",\"q_17\":\"5\"}', NULL, '2026-06-17 03:51:21', '2026-06-17 03:51:21'),
(48, 194, '{\"q_1\":\"5\",\"q_2\":\"5\",\"q_3\":\"5\",\"q_4\":\"5\",\"q_5\":\"5\",\"q_6\":\"5\",\"q_7\":\"5\",\"q_8\":\"5\",\"q_9\":\"5\",\"q_10\":\"5\",\"q_11\":\"5\",\"q_12\":\"5\",\"q_13\":\"5\",\"q_14\":\"5\",\"q_15\":\"5\",\"q_16\":\"5\",\"q_17\":\"5\"}', NULL, '2026-06-17 03:52:28', '2026-06-17 03:52:28'),
(49, 190, '{\"q_1\":\"4\",\"q_2\":\"5\",\"q_3\":\"4\",\"q_4\":\"5\",\"q_5\":\"5\",\"q_6\":\"3\",\"q_7\":\"5\",\"q_8\":\"3\",\"q_9\":\"4\",\"q_10\":\"5\",\"q_11\":\"5\",\"q_12\":\"5\",\"q_13\":\"3\",\"q_14\":\"5\",\"q_15\":\"5\",\"q_16\":\"3\",\"q_17\":\"4\"}', NULL, '2026-06-17 03:54:41', '2026-06-17 03:54:41'),
(50, 280, '{\"q_1\":\"5\",\"q_2\":\"5\",\"q_3\":\"4\",\"q_4\":\"4\",\"q_5\":\"3\",\"q_6\":\"5\",\"q_7\":\"4\",\"q_8\":\"5\",\"q_9\":\"5\",\"q_10\":\"5\",\"q_11\":\"4\",\"q_12\":\"4\",\"q_13\":\"4\",\"q_14\":\"4\",\"q_15\":\"4\",\"q_16\":\"4\",\"q_17\":\"4\"}', NULL, '2026-06-17 04:00:10', '2026-06-17 04:00:10'),
(51, 280, '{\"q_1\":\"5\",\"q_2\":\"4\",\"q_3\":\"5\",\"q_4\":\"4\",\"q_5\":\"2\",\"q_6\":\"5\",\"q_7\":\"5\",\"q_8\":\"3\",\"q_9\":\"3\",\"q_10\":\"5\",\"q_11\":\"5\",\"q_12\":\"5\",\"q_13\":\"3\",\"q_14\":\"5\",\"q_15\":\"5\",\"q_16\":\"3\",\"q_17\":\"3\"}', NULL, '2026-06-17 04:00:27', '2026-06-17 04:00:27'),
(52, 252, '{\"q_1\":\"5\",\"q_2\":\"5\",\"q_3\":\"5\",\"q_4\":\"5\",\"q_5\":\"5\",\"q_6\":\"5\",\"q_7\":\"5\",\"q_8\":\"5\",\"q_9\":\"5\",\"q_10\":\"5\",\"q_11\":\"5\",\"q_12\":\"5\",\"q_13\":\"5\",\"q_14\":\"5\",\"q_15\":\"5\",\"q_16\":\"5\",\"q_17\":\"5\"}', NULL, '2026-06-17 04:01:29', '2026-06-17 04:01:29'),
(53, 280, '{\"q_1\":\"4\",\"q_2\":\"4\",\"q_3\":\"4\",\"q_4\":\"4\",\"q_5\":\"4\",\"q_6\":\"3\",\"q_7\":\"2\",\"q_8\":\"2\",\"q_9\":\"2\",\"q_10\":\"3\",\"q_11\":\"3\",\"q_12\":\"5\",\"q_13\":\"2\",\"q_14\":\"5\",\"q_15\":\"4\",\"q_16\":\"2\",\"q_17\":\"2\"}', 'pakai Pembelajaran yang lebih seru pak, menerapkan komunikasi dua arah agar tidak monoton dan ngantuk hehee', '2026-06-17 04:01:41', '2026-06-17 04:01:41'),
(54, 280, '{\"q_1\":\"4\",\"q_2\":\"4\",\"q_3\":\"5\",\"q_4\":\"3\",\"q_5\":\"3\",\"q_6\":\"3\",\"q_7\":\"3\",\"q_8\":\"4\",\"q_9\":\"3\",\"q_10\":\"4\",\"q_11\":\"5\",\"q_12\":\"5\",\"q_13\":\"1\",\"q_14\":\"4\",\"q_15\":\"3\",\"q_16\":\"4\",\"q_17\":\"1\"}', NULL, '2026-06-17 04:01:44', '2026-06-17 04:01:44'),
(55, 252, '{\"q_1\":\"5\",\"q_2\":\"5\",\"q_3\":\"5\",\"q_4\":\"5\",\"q_5\":\"5\",\"q_6\":\"5\",\"q_7\":\"5\",\"q_8\":\"5\",\"q_9\":\"5\",\"q_10\":\"5\",\"q_11\":\"5\",\"q_12\":\"5\",\"q_13\":\"5\",\"q_14\":\"5\",\"q_15\":\"5\",\"q_16\":\"5\",\"q_17\":\"5\"}', NULL, '2026-06-17 04:02:08', '2026-06-17 04:02:08'),
(56, 252, '{\"q_1\":\"5\",\"q_2\":\"5\",\"q_3\":\"5\",\"q_4\":\"5\",\"q_5\":\"5\",\"q_6\":\"5\",\"q_7\":\"5\",\"q_8\":\"5\",\"q_9\":\"5\",\"q_10\":\"5\",\"q_11\":\"5\",\"q_12\":\"5\",\"q_13\":\"5\",\"q_14\":\"5\",\"q_15\":\"5\",\"q_16\":\"5\",\"q_17\":\"5\"}', NULL, '2026-06-17 04:02:49', '2026-06-17 04:02:49'),
(57, 234, '{\"q_1\":\"5\",\"q_2\":\"5\",\"q_3\":\"5\",\"q_4\":\"5\",\"q_5\":\"5\",\"q_6\":\"5\",\"q_7\":\"5\",\"q_8\":\"5\",\"q_9\":\"5\",\"q_10\":\"5\",\"q_11\":\"5\",\"q_12\":\"5\",\"q_13\":\"4\",\"q_14\":\"4\",\"q_15\":\"4\",\"q_16\":\"4\",\"q_17\":\"4\"}', 'Sangat baik', '2026-06-17 04:03:10', '2026-06-17 04:03:10'),
(58, 280, '{\"q_1\":\"3\",\"q_2\":\"4\",\"q_3\":\"3\",\"q_4\":\"3\",\"q_5\":\"3\",\"q_6\":\"3\",\"q_7\":\"3\",\"q_8\":\"3\",\"q_9\":\"2\",\"q_10\":\"2\",\"q_11\":\"3\",\"q_12\":\"4\",\"q_13\":\"3\",\"q_14\":\"4\",\"q_15\":\"3\",\"q_16\":\"3\",\"q_17\":\"3\"}', NULL, '2026-06-17 04:03:35', '2026-06-17 04:03:35'),
(59, 280, '{\"q_1\":\"5\",\"q_2\":\"4\",\"q_3\":\"5\",\"q_4\":\"4\",\"q_5\":\"1\",\"q_6\":\"3\",\"q_7\":\"3\",\"q_8\":\"3\",\"q_9\":\"3\",\"q_10\":\"5\",\"q_11\":\"5\",\"q_12\":\"5\",\"q_13\":\"3\",\"q_14\":\"5\",\"q_15\":\"5\",\"q_16\":\"1\",\"q_17\":\"1\"}', NULL, '2026-06-17 04:03:51', '2026-06-17 04:03:51'),
(60, 280, '{\"q_1\":\"4\",\"q_2\":\"5\",\"q_3\":\"5\",\"q_4\":\"4\",\"q_5\":\"2\",\"q_6\":\"3\",\"q_7\":\"4\",\"q_8\":\"4\",\"q_9\":\"3\",\"q_10\":\"4\",\"q_11\":\"4\",\"q_12\":\"5\",\"q_13\":\"3\",\"q_14\":\"5\",\"q_15\":\"5\",\"q_16\":\"3\",\"q_17\":\"4\"}', 'tidak ada', '2026-06-17 04:04:15', '2026-06-17 04:04:15'),
(61, 152, '{\"q_1\":\"5\",\"q_2\":\"5\",\"q_3\":\"5\",\"q_4\":\"5\",\"q_5\":\"5\",\"q_6\":\"5\",\"q_7\":\"5\",\"q_8\":\"5\",\"q_9\":\"5\",\"q_10\":\"5\",\"q_11\":\"5\",\"q_12\":\"5\",\"q_13\":\"5\",\"q_14\":\"5\",\"q_15\":\"5\",\"q_16\":\"5\",\"q_17\":\"5\"}', NULL, '2026-06-17 04:04:52', '2026-06-17 04:04:52'),
(62, 280, '{\"q_1\":\"3\",\"q_2\":\"5\",\"q_3\":\"4\",\"q_4\":\"3\",\"q_5\":\"3\",\"q_6\":\"3\",\"q_7\":\"4\",\"q_8\":\"3\",\"q_9\":\"3\",\"q_10\":\"4\",\"q_11\":\"4\",\"q_12\":\"4\",\"q_13\":\"3\",\"q_14\":\"5\",\"q_15\":\"5\",\"q_16\":\"3\",\"q_17\":\"3\"}', NULL, '2026-06-17 04:05:58', '2026-06-17 04:05:58'),
(63, 152, '{\"q_1\":\"5\",\"q_2\":\"5\",\"q_3\":\"5\",\"q_4\":\"5\",\"q_5\":\"5\",\"q_6\":\"5\",\"q_7\":\"5\",\"q_8\":\"5\",\"q_9\":\"5\",\"q_10\":\"5\",\"q_11\":\"5\",\"q_12\":\"5\",\"q_13\":\"5\",\"q_14\":\"5\",\"q_15\":\"5\",\"q_16\":\"5\",\"q_17\":\"5\"}', NULL, '2026-06-17 04:07:48', '2026-06-17 04:07:48'),
(64, 185, '{\"q_1\":\"4\",\"q_2\":\"4\",\"q_3\":\"4\",\"q_4\":\"4\",\"q_5\":\"4\",\"q_6\":\"4\",\"q_7\":\"4\",\"q_8\":\"4\",\"q_9\":\"4\",\"q_10\":\"4\",\"q_11\":\"5\",\"q_12\":\"4\",\"q_13\":\"5\",\"q_14\":\"5\",\"q_15\":\"5\",\"q_16\":\"5\",\"q_17\":\"4\"}', NULL, '2026-06-17 04:09:43', '2026-06-17 04:09:43'),
(65, 280, '{\"q_1\":\"3\",\"q_2\":\"2\",\"q_3\":\"3\",\"q_4\":\"2\",\"q_5\":\"3\",\"q_6\":\"2\",\"q_7\":\"3\",\"q_8\":\"2\",\"q_9\":\"2\",\"q_10\":\"3\",\"q_11\":\"3\",\"q_12\":\"3\",\"q_13\":\"2\",\"q_14\":\"4\",\"q_15\":\"3\",\"q_16\":\"2\",\"q_17\":\"1\"}', NULL, '2026-06-17 04:09:48', '2026-06-17 04:09:48'),
(66, 181, '{\"q_1\":\"5\",\"q_2\":\"5\",\"q_3\":\"5\",\"q_4\":\"5\",\"q_5\":\"5\",\"q_6\":\"4\",\"q_7\":\"4\",\"q_8\":\"4\",\"q_9\":\"5\",\"q_10\":\"5\",\"q_11\":\"5\",\"q_12\":\"5\",\"q_13\":\"5\",\"q_14\":\"5\",\"q_15\":\"5\",\"q_16\":\"5\",\"q_17\":\"5\"}', 'Sangatt baik', '2026-06-17 04:15:13', '2026-06-17 04:15:13'),
(67, 225, '{\"q_1\":\"5\",\"q_2\":\"5\",\"q_3\":\"4\",\"q_4\":\"4\",\"q_5\":\"5\",\"q_6\":\"4\",\"q_7\":\"4\",\"q_8\":\"4\",\"q_9\":\"4\",\"q_10\":\"5\",\"q_11\":\"5\",\"q_12\":\"5\",\"q_13\":\"4\",\"q_14\":\"4\",\"q_15\":\"4\",\"q_16\":\"5\",\"q_17\":\"4\"}', NULL, '2026-06-17 04:17:05', '2026-06-17 04:17:05'),
(68, 200, '{\"q_1\":\"4\",\"q_2\":\"4\",\"q_3\":\"4\",\"q_4\":\"4\",\"q_5\":\"4\",\"q_6\":\"4\",\"q_7\":\"4\",\"q_8\":\"4\",\"q_9\":\"4\",\"q_10\":\"4\",\"q_11\":\"4\",\"q_12\":\"4\",\"q_13\":\"4\",\"q_14\":\"4\",\"q_15\":\"4\",\"q_16\":\"4\",\"q_17\":\"4\"}', 'Sangat baik', '2026-06-17 04:17:37', '2026-06-17 04:17:37'),
(69, 236, '{\"q_1\":\"5\",\"q_2\":\"5\",\"q_3\":\"5\",\"q_4\":\"5\",\"q_5\":\"5\",\"q_6\":\"5\",\"q_7\":\"5\",\"q_8\":\"5\",\"q_9\":\"5\",\"q_10\":\"5\",\"q_11\":\"5\",\"q_12\":\"5\",\"q_13\":\"5\",\"q_14\":\"5\",\"q_15\":\"5\",\"q_16\":\"5\",\"q_17\":\"5\"}', NULL, '2026-06-17 04:18:23', '2026-06-17 04:18:23'),
(70, 218, '{\"q_1\":\"5\",\"q_2\":\"5\",\"q_3\":\"5\",\"q_4\":\"5\",\"q_5\":\"5\",\"q_6\":\"5\",\"q_7\":\"5\",\"q_8\":\"5\",\"q_9\":\"5\",\"q_10\":\"5\",\"q_11\":\"5\",\"q_12\":\"5\",\"q_13\":\"5\",\"q_14\":\"5\",\"q_15\":\"5\",\"q_16\":\"5\",\"q_17\":\"5\"}', 'sangat baik', '2026-06-17 04:19:38', '2026-06-17 04:19:38'),
(71, 167, '{\"q_1\":\"5\",\"q_2\":\"4\",\"q_3\":\"5\",\"q_4\":\"4\",\"q_5\":\"5\",\"q_6\":\"4\",\"q_7\":\"5\",\"q_8\":\"5\",\"q_9\":\"4\",\"q_10\":\"5\",\"q_11\":\"5\",\"q_12\":\"5\",\"q_13\":\"5\",\"q_14\":\"4\",\"q_15\":\"5\",\"q_16\":\"5\",\"q_17\":\"5\"}', NULL, '2026-06-17 04:20:11', '2026-06-17 04:20:11'),
(72, 221, '{\"q_1\":\"5\",\"q_2\":\"5\",\"q_3\":\"5\",\"q_4\":\"5\",\"q_5\":\"5\",\"q_6\":\"5\",\"q_7\":\"5\",\"q_8\":\"5\",\"q_9\":\"5\",\"q_10\":\"5\",\"q_11\":\"5\",\"q_12\":\"5\",\"q_13\":\"5\",\"q_14\":\"5\",\"q_15\":\"5\",\"q_16\":\"5\",\"q_17\":\"5\"}', NULL, '2026-06-17 04:20:46', '2026-06-17 04:20:46'),
(73, 167, '{\"q_1\":\"5\",\"q_2\":\"4\",\"q_3\":\"5\",\"q_4\":\"4\",\"q_5\":\"5\",\"q_6\":\"4\",\"q_7\":\"5\",\"q_8\":\"5\",\"q_9\":\"5\",\"q_10\":\"5\",\"q_11\":\"5\",\"q_12\":\"5\",\"q_13\":\"5\",\"q_14\":\"5\",\"q_15\":\"5\",\"q_16\":\"5\",\"q_17\":\"5\"}', NULL, '2026-06-17 04:21:05', '2026-06-17 04:21:05'),
(74, 244, '{\"q_1\":\"5\",\"q_2\":\"5\",\"q_3\":\"5\",\"q_4\":\"5\",\"q_5\":\"5\",\"q_6\":\"5\",\"q_7\":\"5\",\"q_8\":\"5\",\"q_9\":\"5\",\"q_10\":\"5\",\"q_11\":\"5\",\"q_12\":\"5\",\"q_13\":\"5\",\"q_14\":\"5\",\"q_15\":\"5\",\"q_16\":\"5\",\"q_17\":\"5\"}', NULL, '2026-06-17 04:21:48', '2026-06-17 04:21:48'),
(75, 280, '{\"q_1\":\"2\",\"q_2\":\"4\",\"q_3\":\"4\",\"q_4\":\"3\",\"q_5\":\"2\",\"q_6\":\"3\",\"q_7\":\"4\",\"q_8\":\"3\",\"q_9\":\"3\",\"q_10\":\"4\",\"q_11\":\"4\",\"q_12\":\"4\",\"q_13\":\"3\",\"q_14\":\"4\",\"q_15\":\"3\",\"q_16\":\"2\",\"q_17\":\"2\"}', 'Tidak ada', '2026-06-17 04:22:14', '2026-06-17 04:22:14'),
(76, 219, '{\"q_1\":\"5\",\"q_2\":\"5\",\"q_3\":\"5\",\"q_4\":\"5\",\"q_5\":\"5\",\"q_6\":\"5\",\"q_7\":\"5\",\"q_8\":\"5\",\"q_9\":\"5\",\"q_10\":\"5\",\"q_11\":\"5\",\"q_12\":\"5\",\"q_13\":\"5\",\"q_14\":\"5\",\"q_15\":\"5\",\"q_16\":\"5\",\"q_17\":\"5\"}', NULL, '2026-06-17 04:23:34', '2026-06-17 04:23:34'),
(77, 235, '{\"q_1\":\"5\",\"q_2\":\"5\",\"q_3\":\"5\",\"q_4\":\"5\",\"q_5\":\"5\",\"q_6\":\"5\",\"q_7\":\"5\",\"q_8\":\"5\",\"q_9\":\"5\",\"q_10\":\"5\",\"q_11\":\"5\",\"q_12\":\"5\",\"q_13\":\"5\",\"q_14\":\"5\",\"q_15\":\"5\",\"q_16\":\"5\",\"q_17\":\"5\"}', NULL, '2026-06-17 04:25:40', '2026-06-17 04:25:40'),
(78, 178, '{\"q_1\":\"5\",\"q_2\":\"5\",\"q_3\":\"4\",\"q_4\":\"5\",\"q_5\":\"5\",\"q_6\":\"4\",\"q_7\":\"5\",\"q_8\":\"5\",\"q_9\":\"5\",\"q_10\":\"5\",\"q_11\":\"5\",\"q_12\":\"5\",\"q_13\":\"4\",\"q_14\":\"5\",\"q_15\":\"5\",\"q_16\":\"4\",\"q_17\":\"5\"}', NULL, '2026-06-17 04:25:55', '2026-06-17 04:25:55'),
(79, 199, '{\"q_1\":\"5\",\"q_2\":\"4\",\"q_3\":\"4\",\"q_4\":\"5\",\"q_5\":\"5\",\"q_6\":\"4\",\"q_7\":\"5\",\"q_8\":\"5\",\"q_9\":\"5\",\"q_10\":\"5\",\"q_11\":\"5\",\"q_12\":\"4\",\"q_13\":\"5\",\"q_14\":\"4\",\"q_15\":\"4\",\"q_16\":\"4\",\"q_17\":\"4\"}', NULL, '2026-06-17 04:28:05', '2026-06-17 04:28:05'),
(80, 167, '{\"q_1\":\"5\",\"q_2\":\"5\",\"q_3\":\"5\",\"q_4\":\"5\",\"q_5\":\"5\",\"q_6\":\"5\",\"q_7\":\"5\",\"q_8\":\"5\",\"q_9\":\"4\",\"q_10\":\"5\",\"q_11\":\"4\",\"q_12\":\"5\",\"q_13\":\"5\",\"q_14\":\"5\",\"q_15\":\"5\",\"q_16\":\"5\",\"q_17\":\"5\"}', 'Terima kasih atas ilmu dan bimbingan yang diberikan selama perkuliahan. Semoga selalu sukses dan sehat. dan semakin meningkatkan interaksi dengan mahasiswa.', '2026-06-17 04:28:28', '2026-06-17 04:28:28'),
(81, 252, '{\"q_1\":\"4\",\"q_2\":\"4\",\"q_3\":\"5\",\"q_4\":\"4\",\"q_5\":\"4\",\"q_6\":\"5\",\"q_7\":\"4\",\"q_8\":\"4\",\"q_9\":\"5\",\"q_10\":\"5\",\"q_11\":\"4\",\"q_12\":\"5\",\"q_13\":\"4\",\"q_14\":\"5\",\"q_15\":\"4\",\"q_16\":\"4\",\"q_17\":\"4\"}', NULL, '2026-06-17 04:36:16', '2026-06-17 04:36:16'),
(82, 252, '{\"q_1\":\"5\",\"q_2\":\"5\",\"q_3\":\"5\",\"q_4\":\"5\",\"q_5\":\"5\",\"q_6\":\"5\",\"q_7\":\"5\",\"q_8\":\"5\",\"q_9\":\"5\",\"q_10\":\"5\",\"q_11\":\"5\",\"q_12\":\"5\",\"q_13\":\"5\",\"q_14\":\"5\",\"q_15\":\"5\",\"q_16\":\"5\",\"q_17\":\"5\"}', NULL, '2026-06-17 04:37:14', '2026-06-17 04:37:14'),
(83, 252, '{\"q_1\":\"5\",\"q_2\":\"5\",\"q_3\":\"5\",\"q_4\":\"5\",\"q_5\":\"5\",\"q_6\":\"5\",\"q_7\":\"5\",\"q_8\":\"5\",\"q_9\":\"5\",\"q_10\":\"5\",\"q_11\":\"5\",\"q_12\":\"5\",\"q_13\":\"5\",\"q_14\":\"5\",\"q_15\":\"5\",\"q_16\":\"5\",\"q_17\":\"5\"}', 'Terima kasih atas dedikasi dan dukungannya selama perkuliahan. Metode pengajarannya jelas dan membantu.', '2026-06-17 04:38:14', '2026-06-17 04:38:14'),
(84, 252, '{\"q_1\":\"5\",\"q_2\":\"4\",\"q_3\":\"4\",\"q_4\":\"4\",\"q_5\":\"5\",\"q_6\":\"3\",\"q_7\":\"5\",\"q_8\":\"5\",\"q_9\":\"5\",\"q_10\":\"3\",\"q_11\":\"5\",\"q_12\":\"5\",\"q_13\":\"5\",\"q_14\":\"4\",\"q_15\":\"4\",\"q_16\":\"5\",\"q_17\":\"4\"}', NULL, '2026-06-17 04:39:14', '2026-06-17 04:39:14'),
(85, 280, '{\"q_1\":\"3\",\"q_2\":\"5\",\"q_3\":\"3\",\"q_4\":\"3\",\"q_5\":\"3\",\"q_6\":\"3\",\"q_7\":\"3\",\"q_8\":\"2\",\"q_9\":\"3\",\"q_10\":\"4\",\"q_11\":\"4\",\"q_12\":\"4\",\"q_13\":\"2\",\"q_14\":\"4\",\"q_15\":\"3\",\"q_16\":\"2\",\"q_17\":\"2\"}', NULL, '2026-06-17 04:43:13', '2026-06-17 04:43:13'),
(86, 151, '{\"q_1\":\"5\",\"q_2\":\"5\",\"q_3\":\"5\",\"q_4\":\"5\",\"q_5\":\"5\",\"q_6\":\"5\",\"q_7\":\"5\",\"q_8\":\"5\",\"q_9\":\"5\",\"q_10\":\"5\",\"q_11\":\"5\",\"q_12\":\"5\",\"q_13\":\"5\",\"q_14\":\"5\",\"q_15\":\"5\",\"q_16\":\"5\",\"q_17\":\"5\"}', NULL, '2026-06-17 04:49:28', '2026-06-17 04:49:28'),
(87, 252, '{\"q_1\":\"5\",\"q_2\":\"5\",\"q_3\":\"5\",\"q_4\":\"5\",\"q_5\":\"5\",\"q_6\":\"5\",\"q_7\":\"5\",\"q_8\":\"5\",\"q_9\":\"5\",\"q_10\":\"5\",\"q_11\":\"5\",\"q_12\":\"5\",\"q_13\":\"5\",\"q_14\":\"5\",\"q_15\":\"5\",\"q_16\":\"5\",\"q_17\":\"5\"}', NULL, '2026-06-17 05:03:19', '2026-06-17 05:03:19'),
(88, 178, '{\"q_1\":\"5\",\"q_2\":\"4\",\"q_3\":\"5\",\"q_4\":\"5\",\"q_5\":\"5\",\"q_6\":\"5\",\"q_7\":\"5\",\"q_8\":\"5\",\"q_9\":\"5\",\"q_10\":\"5\",\"q_11\":\"5\",\"q_12\":\"5\",\"q_13\":\"4\",\"q_14\":\"5\",\"q_15\":\"5\",\"q_16\":\"5\",\"q_17\":\"5\"}', NULL, '2026-06-17 05:07:09', '2026-06-17 05:07:09'),
(89, 202, '{\"q_1\":\"5\",\"q_2\":\"5\",\"q_3\":\"5\",\"q_4\":\"5\",\"q_5\":\"5\",\"q_6\":\"5\",\"q_7\":\"5\",\"q_8\":\"5\",\"q_9\":\"5\",\"q_10\":\"5\",\"q_11\":\"5\",\"q_12\":\"5\",\"q_13\":\"4\",\"q_14\":\"5\",\"q_15\":\"5\",\"q_16\":\"5\",\"q_17\":\"5\"}', NULL, '2026-06-17 05:08:09', '2026-06-17 05:08:09'),
(90, 197, '{\"q_1\":\"5\",\"q_2\":\"5\",\"q_3\":\"5\",\"q_4\":\"5\",\"q_5\":\"5\",\"q_6\":\"5\",\"q_7\":\"5\",\"q_8\":\"5\",\"q_9\":\"5\",\"q_10\":\"4\",\"q_11\":\"5\",\"q_12\":\"5\",\"q_13\":\"4\",\"q_14\":\"5\",\"q_15\":\"5\",\"q_16\":\"5\",\"q_17\":\"5\"}', NULL, '2026-06-17 05:08:43', '2026-06-17 05:08:43'),
(91, 176, '{\"q_1\":\"5\",\"q_2\":\"5\",\"q_3\":\"5\",\"q_4\":\"5\",\"q_5\":\"5\",\"q_6\":\"5\",\"q_7\":\"5\",\"q_8\":\"5\",\"q_9\":\"5\",\"q_10\":\"5\",\"q_11\":\"5\",\"q_12\":\"5\",\"q_13\":\"4\",\"q_14\":\"5\",\"q_15\":\"5\",\"q_16\":\"5\",\"q_17\":\"4\"}', NULL, '2026-06-17 05:09:08', '2026-06-17 05:09:08'),
(92, 200, '{\"q_1\":\"5\",\"q_2\":\"5\",\"q_3\":\"5\",\"q_4\":\"5\",\"q_5\":\"5\",\"q_6\":\"5\",\"q_7\":\"5\",\"q_8\":\"5\",\"q_9\":\"5\",\"q_10\":\"5\",\"q_11\":\"5\",\"q_12\":\"5\",\"q_13\":\"5\",\"q_14\":\"5\",\"q_15\":\"5\",\"q_16\":\"5\",\"q_17\":\"5\"}', NULL, '2026-06-17 05:11:16', '2026-06-17 05:11:16'),
(93, 234, '{\"q_1\":\"5\",\"q_2\":\"5\",\"q_3\":\"5\",\"q_4\":\"5\",\"q_5\":\"5\",\"q_6\":\"5\",\"q_7\":\"5\",\"q_8\":\"5\",\"q_9\":\"5\",\"q_10\":\"5\",\"q_11\":\"5\",\"q_12\":\"5\",\"q_13\":\"5\",\"q_14\":\"5\",\"q_15\":\"5\",\"q_16\":\"5\",\"q_17\":\"5\"}', NULL, '2026-06-17 05:26:35', '2026-06-17 05:26:35'),
(94, 221, '{\"q_1\":\"5\",\"q_2\":\"5\",\"q_3\":\"5\",\"q_4\":\"5\",\"q_5\":\"5\",\"q_6\":\"5\",\"q_7\":\"5\",\"q_8\":\"5\",\"q_9\":\"5\",\"q_10\":\"5\",\"q_11\":\"5\",\"q_12\":\"5\",\"q_13\":\"5\",\"q_14\":\"5\",\"q_15\":\"5\",\"q_16\":\"5\",\"q_17\":\"5\"}', NULL, '2026-06-17 05:27:31', '2026-06-17 05:27:31'),
(95, 236, '{\"q_1\":\"5\",\"q_2\":\"3\",\"q_3\":\"5\",\"q_4\":\"5\",\"q_5\":\"5\",\"q_6\":\"5\",\"q_7\":\"5\",\"q_8\":\"5\",\"q_9\":\"5\",\"q_10\":\"5\",\"q_11\":\"5\",\"q_12\":\"5\",\"q_13\":\"5\",\"q_14\":\"5\",\"q_15\":\"5\",\"q_16\":\"5\",\"q_17\":\"5\"}', 'dosen ter debest pokoknya', '2026-06-17 05:37:24', '2026-06-17 05:37:24'),
(96, 234, '{\"q_1\":\"5\",\"q_2\":\"5\",\"q_3\":\"5\",\"q_4\":\"5\",\"q_5\":\"5\",\"q_6\":\"5\",\"q_7\":\"5\",\"q_8\":\"5\",\"q_9\":\"5\",\"q_10\":\"5\",\"q_11\":\"5\",\"q_12\":\"5\",\"q_13\":\"5\",\"q_14\":\"5\",\"q_15\":\"5\",\"q_16\":\"5\",\"q_17\":\"5\"}', NULL, '2026-06-17 05:38:25', '2026-06-17 05:38:25'),
(97, 235, '{\"q_1\":\"5\",\"q_2\":\"5\",\"q_3\":\"5\",\"q_4\":\"5\",\"q_5\":\"5\",\"q_6\":\"5\",\"q_7\":\"5\",\"q_8\":\"5\",\"q_9\":\"5\",\"q_10\":\"5\",\"q_11\":\"5\",\"q_12\":\"5\",\"q_13\":\"5\",\"q_14\":\"5\",\"q_15\":\"5\",\"q_16\":\"5\",\"q_17\":\"5\"}', NULL, '2026-06-17 05:39:25', '2026-06-17 05:39:25'),
(98, 274, '{\"q_1\":\"5\",\"q_2\":\"5\",\"q_3\":\"5\",\"q_4\":\"5\",\"q_5\":\"5\",\"q_6\":\"5\",\"q_7\":\"5\",\"q_8\":\"5\",\"q_9\":\"5\",\"q_10\":\"5\",\"q_11\":\"5\",\"q_12\":\"5\",\"q_13\":\"5\",\"q_14\":\"5\",\"q_15\":\"5\",\"q_16\":\"5\",\"q_17\":\"5\"}', 'kaprodi paling debesttt', '2026-06-17 05:40:13', '2026-06-17 05:40:13'),
(99, 221, '{\"q_1\":\"5\",\"q_2\":\"5\",\"q_3\":\"5\",\"q_4\":\"5\",\"q_5\":\"5\",\"q_6\":\"5\",\"q_7\":\"5\",\"q_8\":\"5\",\"q_9\":\"5\",\"q_10\":\"5\",\"q_11\":\"5\",\"q_12\":\"5\",\"q_13\":\"5\",\"q_14\":\"5\",\"q_15\":\"5\",\"q_16\":\"5\",\"q_17\":\"5\"}', NULL, '2026-06-17 05:40:51', '2026-06-17 05:40:51'),
(100, 184, '{\"q_1\":\"3\",\"q_2\":\"5\",\"q_3\":\"4\",\"q_4\":\"4\",\"q_5\":\"4\",\"q_6\":\"4\",\"q_7\":\"4\",\"q_8\":\"4\",\"q_9\":\"4\",\"q_10\":\"3\",\"q_11\":\"3\",\"q_12\":\"4\",\"q_13\":\"3\",\"q_14\":\"4\",\"q_15\":\"4\",\"q_16\":\"4\",\"q_17\":\"4\"}', NULL, '2026-06-17 05:41:17', '2026-06-17 05:41:17'),
(101, 224, '{\"q_1\":\"5\",\"q_2\":\"5\",\"q_3\":\"5\",\"q_4\":\"5\",\"q_5\":\"5\",\"q_6\":\"5\",\"q_7\":\"5\",\"q_8\":\"5\",\"q_9\":\"5\",\"q_10\":\"5\",\"q_11\":\"5\",\"q_12\":\"5\",\"q_13\":\"5\",\"q_14\":\"5\",\"q_15\":\"5\",\"q_16\":\"5\",\"q_17\":\"5\"}', NULL, '2026-06-17 05:41:22', '2026-06-17 05:41:22'),
(102, 219, '{\"q_1\":\"5\",\"q_2\":\"5\",\"q_3\":\"5\",\"q_4\":\"5\",\"q_5\":\"5\",\"q_6\":\"5\",\"q_7\":\"5\",\"q_8\":\"5\",\"q_9\":\"5\",\"q_10\":\"5\",\"q_11\":\"5\",\"q_12\":\"5\",\"q_13\":\"5\",\"q_14\":\"5\",\"q_15\":\"5\",\"q_16\":\"5\",\"q_17\":\"5\"}', NULL, '2026-06-17 05:41:56', '2026-06-17 05:41:56'),
(103, 180, '{\"q_1\":\"5\",\"q_2\":\"5\",\"q_3\":\"4\",\"q_4\":\"5\",\"q_5\":\"5\",\"q_6\":\"4\",\"q_7\":\"4\",\"q_8\":\"4\",\"q_9\":\"5\",\"q_10\":\"5\",\"q_11\":\"5\",\"q_12\":\"5\",\"q_13\":\"4\",\"q_14\":\"5\",\"q_15\":\"5\",\"q_16\":\"5\",\"q_17\":\"4\"}', NULL, '2026-06-17 06:07:06', '2026-06-17 06:07:06'),
(104, 252, '{\"q_1\":\"5\",\"q_2\":\"5\",\"q_3\":\"5\",\"q_4\":\"5\",\"q_5\":\"5\",\"q_6\":\"5\",\"q_7\":\"5\",\"q_8\":\"5\",\"q_9\":\"5\",\"q_10\":\"5\",\"q_11\":\"5\",\"q_12\":\"5\",\"q_13\":\"5\",\"q_14\":\"5\",\"q_15\":\"5\",\"q_16\":\"5\",\"q_17\":\"5\"}', NULL, '2026-06-17 06:12:16', '2026-06-17 06:12:16'),
(105, 233, '{\"q_1\":\"5\",\"q_2\":\"5\",\"q_3\":\"5\",\"q_4\":\"5\",\"q_5\":\"5\",\"q_6\":\"5\",\"q_7\":\"5\",\"q_8\":\"5\",\"q_9\":\"5\",\"q_10\":\"5\",\"q_11\":\"5\",\"q_12\":\"5\",\"q_13\":\"5\",\"q_14\":\"5\",\"q_15\":\"5\",\"q_16\":\"5\",\"q_17\":\"5\"}', NULL, '2026-06-17 06:17:44', '2026-06-17 06:17:44'),
(106, 181, '{\"q_1\":\"5\",\"q_2\":\"5\",\"q_3\":\"5\",\"q_4\":\"5\",\"q_5\":\"5\",\"q_6\":\"5\",\"q_7\":\"5\",\"q_8\":\"5\",\"q_9\":\"5\",\"q_10\":\"5\",\"q_11\":\"5\",\"q_12\":\"5\",\"q_13\":\"5\",\"q_14\":\"5\",\"q_15\":\"5\",\"q_16\":\"5\",\"q_17\":\"5\"}', NULL, '2026-06-17 08:24:39', '2026-06-17 08:24:39'),
(107, 178, '{\"q_1\":\"5\",\"q_2\":\"5\",\"q_3\":\"5\",\"q_4\":\"5\",\"q_5\":\"5\",\"q_6\":\"5\",\"q_7\":\"5\",\"q_8\":\"5\",\"q_9\":\"5\",\"q_10\":\"5\",\"q_11\":\"5\",\"q_12\":\"5\",\"q_13\":\"5\",\"q_14\":\"5\",\"q_15\":\"5\",\"q_16\":\"5\",\"q_17\":\"5\"}', NULL, '2026-06-17 08:25:26', '2026-06-17 08:25:26'),
(108, 200, '{\"q_1\":\"5\",\"q_2\":\"5\",\"q_3\":\"5\",\"q_4\":\"5\",\"q_5\":\"5\",\"q_6\":\"5\",\"q_7\":\"5\",\"q_8\":\"5\",\"q_9\":\"5\",\"q_10\":\"5\",\"q_11\":\"5\",\"q_12\":\"5\",\"q_13\":\"5\",\"q_14\":\"5\",\"q_15\":\"5\",\"q_16\":\"5\",\"q_17\":\"5\"}', NULL, '2026-06-17 08:26:11', '2026-06-17 08:26:11'),
(109, 179, '{\"q_1\":\"5\",\"q_2\":\"5\",\"q_3\":\"5\",\"q_4\":\"5\",\"q_5\":\"5\",\"q_6\":\"5\",\"q_7\":\"5\",\"q_8\":\"5\",\"q_9\":\"5\",\"q_10\":\"5\",\"q_11\":\"5\",\"q_12\":\"5\",\"q_13\":\"5\",\"q_14\":\"5\",\"q_15\":\"5\",\"q_16\":\"5\",\"q_17\":\"5\"}', NULL, '2026-06-17 08:27:06', '2026-06-17 08:27:06'),
(110, 176, '{\"q_1\":\"4\",\"q_2\":\"4\",\"q_3\":\"4\",\"q_4\":\"4\",\"q_5\":\"4\",\"q_6\":\"4\",\"q_7\":\"4\",\"q_8\":\"4\",\"q_9\":\"4\",\"q_10\":\"4\",\"q_11\":\"4\",\"q_12\":\"4\",\"q_13\":\"4\",\"q_14\":\"4\",\"q_15\":\"4\",\"q_16\":\"4\",\"q_17\":\"4\"}', NULL, '2026-06-17 08:28:35', '2026-06-17 08:28:35'),
(111, 199, '{\"q_1\":\"5\",\"q_2\":\"4\",\"q_3\":\"3\",\"q_4\":\"3\",\"q_5\":\"3\",\"q_6\":\"3\",\"q_7\":\"3\",\"q_8\":\"4\",\"q_9\":\"3\",\"q_10\":\"3\",\"q_11\":\"3\",\"q_12\":\"4\",\"q_13\":\"3\",\"q_14\":\"3\",\"q_15\":\"3\",\"q_16\":\"4\",\"q_17\":\"3\"}', NULL, '2026-06-17 08:30:05', '2026-06-17 08:30:05'),
(112, 252, '{\"q_1\":\"5\",\"q_2\":\"5\",\"q_3\":\"5\",\"q_4\":\"5\",\"q_5\":\"5\",\"q_6\":\"5\",\"q_7\":\"5\",\"q_8\":\"5\",\"q_9\":\"5\",\"q_10\":\"5\",\"q_11\":\"5\",\"q_12\":\"5\",\"q_13\":\"5\",\"q_14\":\"5\",\"q_15\":\"5\",\"q_16\":\"5\",\"q_17\":\"5\"}', NULL, '2026-06-17 09:48:14', '2026-06-17 09:48:14'),
(113, 252, '{\"q_1\":\"5\",\"q_2\":\"5\",\"q_3\":\"5\",\"q_4\":\"5\",\"q_5\":\"5\",\"q_6\":\"5\",\"q_7\":\"5\",\"q_8\":\"5\",\"q_9\":\"5\",\"q_10\":\"5\",\"q_11\":\"5\",\"q_12\":\"5\",\"q_13\":\"5\",\"q_14\":\"5\",\"q_15\":\"5\",\"q_16\":\"5\",\"q_17\":\"5\"}', 'Terbaik😁🙏', '2026-06-17 11:42:42', '2026-06-17 11:42:42'),
(114, 252, '{\"q_1\":\"5\",\"q_2\":\"5\",\"q_3\":\"5\",\"q_4\":\"5\",\"q_5\":\"5\",\"q_6\":\"5\",\"q_7\":\"5\",\"q_8\":\"5\",\"q_9\":\"5\",\"q_10\":\"5\",\"q_11\":\"5\",\"q_12\":\"5\",\"q_13\":\"5\",\"q_14\":\"5\",\"q_15\":\"5\",\"q_16\":\"5\",\"q_17\":\"5\"}', 'Terbaik😁🙏', '2026-06-17 11:42:54', '2026-06-17 11:42:54'),
(115, 179, '{\"q_1\":\"5\",\"q_2\":\"5\",\"q_3\":\"5\",\"q_4\":\"5\",\"q_5\":\"5\",\"q_6\":\"5\",\"q_7\":\"5\",\"q_8\":\"5\",\"q_9\":\"5\",\"q_10\":\"5\",\"q_11\":\"5\",\"q_12\":\"5\",\"q_13\":\"5\",\"q_14\":\"5\",\"q_15\":\"5\",\"q_16\":\"5\",\"q_17\":\"5\"}', 'Tetap di pertahankan ya pak', '2026-06-17 11:49:22', '2026-06-17 11:49:22'),
(116, 178, '{\"q_1\":\"5\",\"q_2\":\"5\",\"q_3\":\"5\",\"q_4\":\"5\",\"q_5\":\"5\",\"q_6\":\"5\",\"q_7\":\"5\",\"q_8\":\"5\",\"q_9\":\"5\",\"q_10\":\"5\",\"q_11\":\"5\",\"q_12\":\"5\",\"q_13\":\"5\",\"q_14\":\"5\",\"q_15\":\"5\",\"q_16\":\"5\",\"q_17\":\"5\"}', 'Tetap di pertahankan cara pembelajaran nya ya bu', '2026-06-17 11:51:44', '2026-06-17 11:51:44'),
(117, 199, '{\"q_1\":\"5\",\"q_2\":\"5\",\"q_3\":\"5\",\"q_4\":\"5\",\"q_5\":\"5\",\"q_6\":\"5\",\"q_7\":\"5\",\"q_8\":\"5\",\"q_9\":\"5\",\"q_10\":\"5\",\"q_11\":\"5\",\"q_12\":\"5\",\"q_13\":\"5\",\"q_14\":\"5\",\"q_15\":\"5\",\"q_16\":\"5\",\"q_17\":\"5\"}', 'Tetap pertahankan cara pembelajaran nya ya pak', '2026-06-17 11:53:15', '2026-06-17 11:53:15'),
(118, 200, '{\"q_1\":\"5\",\"q_2\":\"5\",\"q_3\":\"5\",\"q_4\":\"5\",\"q_5\":\"5\",\"q_6\":\"5\",\"q_7\":\"5\",\"q_8\":\"5\",\"q_9\":\"5\",\"q_10\":\"5\",\"q_11\":\"5\",\"q_12\":\"5\",\"q_13\":\"5\",\"q_14\":\"5\",\"q_15\":\"5\",\"q_16\":\"5\",\"q_17\":\"5\"}', 'Tetap dipertahankan cara pembelajaran seperti ini ya pak', '2026-06-17 11:55:47', '2026-06-17 11:55:47'),
(119, 202, '{\"q_1\":\"5\",\"q_2\":\"5\",\"q_3\":\"5\",\"q_4\":\"5\",\"q_5\":\"5\",\"q_6\":\"5\",\"q_7\":\"5\",\"q_8\":\"5\",\"q_9\":\"5\",\"q_10\":\"5\",\"q_11\":\"5\",\"q_12\":\"5\",\"q_13\":\"5\",\"q_14\":\"5\",\"q_15\":\"5\",\"q_16\":\"5\",\"q_17\":\"5\"}', 'Tetap pertahankan seperti ini proses pembelajaran nya ya pak', '2026-06-17 11:57:49', '2026-06-17 11:57:49'),
(120, 180, '{\"q_1\":\"5\",\"q_2\":\"5\",\"q_3\":\"5\",\"q_4\":\"5\",\"q_5\":\"5\",\"q_6\":\"5\",\"q_7\":\"5\",\"q_8\":\"5\",\"q_9\":\"5\",\"q_10\":\"5\",\"q_11\":\"5\",\"q_12\":\"5\",\"q_13\":\"5\",\"q_14\":\"5\",\"q_15\":\"5\",\"q_16\":\"5\",\"q_17\":\"5\"}', 'Tetap pertahankan seperti ini ya pak proses pembelajaran nya, semangat', '2026-06-17 11:59:09', '2026-06-17 11:59:09'),
(121, 190, '{\"q_1\":\"5\",\"q_2\":\"5\",\"q_3\":\"5\",\"q_4\":\"5\",\"q_5\":\"5\",\"q_6\":\"5\",\"q_7\":\"5\",\"q_8\":\"5\",\"q_9\":\"5\",\"q_10\":\"5\",\"q_11\":\"5\",\"q_12\":\"5\",\"q_13\":\"5\",\"q_14\":\"5\",\"q_15\":\"5\",\"q_16\":\"5\",\"q_17\":\"5\"}', 'Sehat³ ibuk', '2026-06-18 03:15:01', '2026-06-18 03:15:01'),
(122, 190, '{\"q_1\":\"5\",\"q_2\":\"5\",\"q_3\":\"5\",\"q_4\":\"5\",\"q_5\":\"5\",\"q_6\":\"5\",\"q_7\":\"5\",\"q_8\":\"5\",\"q_9\":\"5\",\"q_10\":\"5\",\"q_11\":\"5\",\"q_12\":\"5\",\"q_13\":\"5\",\"q_14\":\"5\",\"q_15\":\"5\",\"q_16\":\"5\",\"q_17\":\"5\"}', 'Sehat³ ibuk', '2026-06-18 03:15:06', '2026-06-18 03:15:06'),
(123, 197, '{\"q_1\":\"4\",\"q_2\":\"4\",\"q_3\":\"4\",\"q_4\":\"4\",\"q_5\":\"4\",\"q_6\":\"4\",\"q_7\":\"4\",\"q_8\":\"4\",\"q_9\":\"4\",\"q_10\":\"4\",\"q_11\":\"4\",\"q_12\":\"4\",\"q_13\":\"4\",\"q_14\":\"4\",\"q_15\":\"4\",\"q_16\":\"4\",\"q_17\":\"4\"}', 'Alhamdulillah kami sangat mudah dlm memahami setiap pelajaran yg di ajarkan ibu 🙏🏻', '2026-06-18 03:31:13', '2026-06-18 03:31:13'),
(124, 178, '{\"q_1\":\"5\",\"q_2\":\"5\",\"q_3\":\"5\",\"q_4\":\"5\",\"q_5\":\"5\",\"q_6\":\"5\",\"q_7\":\"5\",\"q_8\":\"5\",\"q_9\":\"5\",\"q_10\":\"5\",\"q_11\":\"5\",\"q_12\":\"5\",\"q_13\":\"5\",\"q_14\":\"5\",\"q_15\":\"5\",\"q_16\":\"5\",\"q_17\":\"5\"}', NULL, '2026-06-18 03:52:50', '2026-06-18 03:52:50'),
(125, 233, '{\"q_1\":\"5\",\"q_2\":\"5\",\"q_3\":\"5\",\"q_4\":\"5\",\"q_5\":\"5\",\"q_6\":\"5\",\"q_7\":\"5\",\"q_8\":\"5\",\"q_9\":\"5\",\"q_10\":\"5\",\"q_11\":\"5\",\"q_12\":\"5\",\"q_13\":\"5\",\"q_14\":\"5\",\"q_15\":\"5\",\"q_16\":\"5\",\"q_17\":\"3\"}', 'Semangat', '2026-06-18 04:50:10', '2026-06-18 04:50:10');

-- --------------------------------------------------------

--
-- Struktur dari tabel `failed_jobs`
--

CREATE TABLE `failed_jobs` (
  `id` bigint(20) UNSIGNED NOT NULL,
  `uuid` varchar(255) NOT NULL,
  `connection` varchar(255) NOT NULL,
  `queue` varchar(255) NOT NULL,
  `payload` longtext NOT NULL,
  `exception` longtext NOT NULL,
  `failed_at` timestamp NOT NULL DEFAULT current_timestamp()
) ENGINE=InnoDB DEFAULT CHARSET=utf8mb4 COLLATE=utf8mb4_unicode_ci;

-- --------------------------------------------------------

--
-- Struktur dari tabel `jadwals`
--

CREATE TABLE `jadwals` (
  `id` bigint(20) UNSIGNED NOT NULL,
  `prodi_id` bigint(20) UNSIGNED NOT NULL,
  `dosen_id` bigint(20) UNSIGNED NOT NULL,
  `mata_kuliah_id` bigint(20) UNSIGNED NOT NULL,
  `periode` varchar(255) DEFAULT NULL,
  `created_at` timestamp NULL DEFAULT NULL,
  `updated_at` timestamp NULL DEFAULT NULL
) ENGINE=InnoDB DEFAULT CHARSET=utf8mb4 COLLATE=utf8mb4_unicode_ci;

--
-- Dumping data untuk tabel `jadwals`
--

INSERT INTO `jadwals` (`id`, `prodi_id`, `dosen_id`, `mata_kuliah_id`, `periode`, `created_at`, `updated_at`) VALUES
(145, 1, 1, 1, '2025 / 2026 GENAP REGULER', '2026-06-14 06:24:15', '2026-06-14 06:24:15'),
(146, 1, 2, 2, '2025 / 2026 GENAP REGULER', '2026-06-14 06:24:15', '2026-06-14 06:24:15'),
(147, 1, 3, 3, '2025 / 2026 GENAP REGULER', '2026-06-14 06:24:15', '2026-06-14 06:24:15'),
(148, 1, 4, 4, '2025 / 2026 GENAP REGULER', '2026-06-14 06:24:15', '2026-06-14 06:24:15'),
(149, 1, 5, 5, '2025 / 2026 GENAP REGULER', '2026-06-14 06:24:15', '2026-06-14 06:24:15'),
(150, 2, 6, 6, '2025 / 2026 GENAP REGULER', '2026-06-14 06:24:15', '2026-06-14 06:24:15'),
(151, 2, 7, 7, '2025 / 2026 GENAP REGULER', '2026-06-14 06:24:15', '2026-06-14 06:24:15'),
(152, 2, 7, 8, '2025 / 2026 GENAP REGULER', '2026-06-14 06:24:15', '2026-06-14 06:24:15'),
(153, 1, 8, 9, '2025 / 2026 GENAP REGULER', '2026-06-14 06:24:15', '2026-06-14 06:24:15'),
(154, 1, 3, 10, '2025 / 2026 GENAP REGULER', '2026-06-14 06:24:15', '2026-06-14 06:24:15'),
(155, 1, 2, 11, '2025 / 2026 GENAP REGULER', '2026-06-14 06:24:15', '2026-06-14 06:24:15'),
(156, 1, 1, 12, '2025 / 2026 GENAP REGULER', '2026-06-14 06:24:15', '2026-06-14 06:24:15'),
(157, 1, 1, 13, '2025 / 2026 GENAP REGULER', '2026-06-14 06:24:15', '2026-06-14 06:24:15'),
(158, 1, 2, 14, '2025 / 2026 GENAP REGULER', '2026-06-14 06:24:15', '2026-06-14 06:24:15'),
(159, 1, 8, 15, '2025 / 2026 GENAP REGULER', '2026-06-14 06:24:15', '2026-06-14 06:24:15'),
(160, 1, 8, 16, '2025 / 2026 GENAP REGULER', '2026-06-14 06:24:15', '2026-06-14 06:24:15'),
(161, 1, 2, 17, '2025 / 2026 GENAP REGULER', '2026-06-14 06:24:15', '2026-06-14 06:24:15'),
(162, 3, 9, 18, '2025 / 2026 GENAP REGULER', '2026-06-14 06:24:15', '2026-06-14 06:24:15'),
(163, 3, 10, 19, '2025 / 2026 GENAP REGULER', '2026-06-14 06:24:15', '2026-06-14 06:24:15'),
(164, 3, 10, 20, '2025 / 2026 GENAP REGULER', '2026-06-14 06:24:15', '2026-06-14 06:24:15'),
(165, 3, 11, 21, '2025 / 2026 GENAP REGULER', '2026-06-14 06:24:15', '2026-06-14 06:24:15'),
(166, 3, 12, 22, '2025 / 2026 GENAP REGULER', '2026-06-14 06:24:15', '2026-06-14 06:24:15'),
(167, 3, 13, 23, '2025 / 2026 GENAP REGULER', '2026-06-14 06:24:15', '2026-06-14 06:24:15'),
(168, 3, 14, 24, '2025 / 2026 GENAP REGULER', '2026-06-14 06:24:15', '2026-06-14 06:24:15'),
(169, 3, 15, 25, '2025 / 2026 GENAP REGULER', '2026-06-14 06:24:15', '2026-06-14 06:24:15'),
(170, 3, 14, 26, '2025 / 2026 GENAP REGULER', '2026-06-14 06:24:15', '2026-06-14 06:24:15'),
(171, 3, 16, 27, '2025 / 2026 GENAP REGULER', '2026-06-14 06:24:15', '2026-06-14 06:24:15'),
(172, 3, 10, 28, '2025 / 2026 GENAP REGULER', '2026-06-14 06:24:15', '2026-06-14 06:24:15'),
(173, 3, 17, 13, '2025 / 2026 GENAP REGULER', '2026-06-14 06:24:15', '2026-06-14 06:24:15'),
(174, 3, 12, 29, '2025 / 2026 GENAP REGULER', '2026-06-14 06:24:15', '2026-06-14 06:24:15'),
(175, 3, 18, 27, '2025 / 2026 GENAP REGULER', '2026-06-14 06:24:15', '2026-06-14 06:24:15'),
(176, 3, 19, 30, '2025 / 2026 GENAP REGULER', '2026-06-14 06:24:15', '2026-06-14 06:24:15'),
(177, 3, 11, 31, '2025 / 2026 GENAP REGULER', '2026-06-14 06:24:15', '2026-06-14 06:24:15'),
(178, 3, 20, 32, '2025 / 2026 GENAP REGULER', '2026-06-14 06:24:15', '2026-06-14 06:24:15'),
(179, 3, 21, 33, '2025 / 2026 GENAP REGULER', '2026-06-14 06:24:15', '2026-06-14 06:24:15'),
(180, 3, 22, 34, '2025 / 2026 GENAP REGULER', '2026-06-14 06:24:15', '2026-06-14 06:24:15'),
(181, 3, 9, 35, '2025 / 2026 GENAP REGULER', '2026-06-14 06:24:15', '2026-06-14 06:24:15'),
(182, 3, 11, 36, '2025 / 2026 GENAP REGULER', '2026-06-14 06:24:15', '2026-06-14 06:24:15'),
(183, 3, 23, 33, '2025 / 2026 GENAP REGULER', '2026-06-14 06:24:15', '2026-06-14 06:24:15'),
(184, 3, 22, 31, '2025 / 2026 GENAP REGULER', '2026-06-14 06:24:15', '2026-06-14 06:24:15'),
(185, 3, 24, 37, '2025 / 2026 GENAP REGULER', '2026-06-14 06:24:15', '2026-06-14 06:24:15'),
(186, 3, 24, 36, '2025 / 2026 GENAP REGULER', '2026-06-14 06:24:15', '2026-06-14 06:24:15'),
(187, 3, 25, 21, '2025 / 2026 GENAP REGULER', '2026-06-14 06:24:15', '2026-06-14 06:24:15'),
(188, 3, 13, 20, '2025 / 2026 GENAP REGULER', '2026-06-14 06:24:15', '2026-06-14 06:24:15'),
(189, 1, 4, 9, '2025 / 2026 GENAP REGULER', '2026-06-14 06:24:15', '2026-06-14 06:24:15'),
(190, 3, 20, 24, '2025 / 2026 GENAP REGULER', '2026-06-14 06:24:15', '2026-06-14 06:24:15'),
(191, 1, 8, 38, '2025 / 2026 GENAP REGULER', '2026-06-14 06:24:15', '2026-06-14 06:24:15'),
(192, 1, 2, 13, '2025 / 2026 GENAP REGULER', '2026-06-14 06:24:15', '2026-06-14 06:24:15'),
(193, 1, 5, 12, '2025 / 2026 GENAP REGULER', '2026-06-14 06:24:15', '2026-06-14 06:24:15'),
(194, 3, 25, 39, '2025 / 2026 GENAP REGULER', '2026-06-14 06:24:15', '2026-06-14 06:24:15'),
(195, 3, 13, 28, '2025 / 2026 GENAP REGULER', '2026-06-14 06:24:15', '2026-06-14 06:24:15'),
(196, 3, 26, 20, '2025 / 2026 GENAP REGULER', '2026-06-14 06:24:15', '2026-06-14 06:24:15'),
(197, 3, 24, 25, '2025 / 2026 GENAP REGULER', '2026-06-14 06:24:15', '2026-06-14 06:24:15'),
(198, 3, 24, 39, '2025 / 2026 GENAP REGULER', '2026-06-14 06:24:15', '2026-06-14 06:24:15'),
(199, 3, 17, 31, '2025 / 2026 GENAP REGULER', '2026-06-14 06:24:15', '2026-06-14 06:24:15'),
(200, 3, 22, 36, '2025 / 2026 GENAP REGULER', '2026-06-14 06:24:15', '2026-06-14 06:24:15'),
(201, 1, 3, 40, '2025 / 2026 GENAP REGULER', '2026-06-14 06:24:15', '2026-06-14 06:24:15'),
(202, 3, 25, 37, '2025 / 2026 GENAP REGULER', '2026-06-14 06:24:15', '2026-06-14 06:24:15'),
(203, 1, 3, 41, '2025 / 2026 GENAP REGULER', '2026-06-14 06:24:15', '2026-06-14 06:24:15'),
(204, 1, 1, 42, '2025 / 2026 GENAP REGULER', '2026-06-14 06:24:15', '2026-06-14 06:24:15'),
(205, 1, 1, 43, '2025 / 2026 GENAP REGULER', '2026-06-14 06:24:15', '2026-06-14 06:24:15'),
(206, 1, 4, 44, '2025 / 2026 GENAP REGULER', '2026-06-14 06:24:15', '2026-06-14 06:24:15'),
(207, 1, 3, 5, '2025 / 2026 GENAP REGULER', '2026-06-14 06:24:15', '2026-06-14 06:24:15'),
(208, 1, 4, 45, '2025 / 2026 GENAP REGULER', '2026-06-14 06:24:15', '2026-06-14 06:24:15'),
(209, 1, 4, 46, '2025 / 2026 GENAP REGULER', '2026-06-14 06:24:15', '2026-06-14 06:24:15'),
(210, 1, 27, 47, '2025 / 2026 GENAP REGULER', '2026-06-14 06:24:15', '2026-06-14 06:24:15'),
(211, 1, 27, 48, '2025 / 2026 GENAP REGULER', '2026-06-14 06:24:15', '2026-06-14 06:24:15'),
(215, 4, 30, 51, '2025 / 2026 GENAP REGULER', '2026-06-14 06:24:15', '2026-06-14 06:24:15'),
(216, 4, 31, 52, '2025 / 2026 GENAP REGULER', '2026-06-14 06:24:15', '2026-06-14 06:24:15'),
(217, 4, 32, 52, '2025 / 2026 GENAP REGULER', '2026-06-14 06:24:15', '2026-06-14 06:24:15'),
(218, 4, 33, 53, '2025 / 2026 GENAP REGULER', '2026-06-14 06:24:15', '2026-06-14 06:24:15'),
(219, 4, 30, 54, '2025 / 2026 GENAP REGULER', '2026-06-14 06:24:15', '2026-06-14 06:24:15'),
(220, 4, 32, 55, '2025 / 2026 GENAP REGULER', '2026-06-14 06:24:15', '2026-06-14 06:24:15'),
(221, 4, 32, 56, '2025 / 2026 GENAP REGULER', '2026-06-14 06:24:15', '2026-06-14 06:24:15'),
(222, 4, 33, 57, '2025 / 2026 GENAP REGULER', '2026-06-14 06:24:15', '2026-06-14 06:24:15'),
(223, 4, 30, 58, '2025 / 2026 GENAP REGULER', '2026-06-14 06:24:15', '2026-06-14 06:24:15'),
(224, 4, 32, 59, '2025 / 2026 GENAP REGULER', '2026-06-14 06:24:15', '2026-06-14 06:24:15'),
(225, 4, 33, 54, '2025 / 2026 GENAP REGULER', '2026-06-14 06:24:15', '2026-06-14 06:24:15'),
(226, 2, 34, 9, '2025 / 2026 GENAP REGULER', '2026-06-14 06:24:15', '2026-06-14 06:24:15'),
(227, 2, 35, 60, '2025 / 2026 GENAP REGULER', '2026-06-14 06:24:15', '2026-06-14 06:24:15'),
(228, 2, 6, 61, '2025 / 2026 GENAP REGULER', '2026-06-14 06:24:15', '2026-06-14 06:24:15'),
(229, 2, 35, 62, '2025 / 2026 GENAP REGULER', '2026-06-14 06:24:15', '2026-06-14 06:24:15'),
(230, 4, 36, 63, '2025 / 2026 GENAP REGULER', '2026-06-14 06:24:15', '2026-06-14 06:24:15'),
(231, 4, 36, 64, '2025 / 2026 GENAP REGULER', '2026-06-14 06:24:15', '2026-06-14 06:24:15'),
(232, 4, 36, 65, '2025 / 2026 GENAP REGULER', '2026-06-14 06:24:15', '2026-06-14 06:24:15'),
(233, 4, 37, 66, '2025 / 2026 GENAP REGULER', '2026-06-14 06:24:15', '2026-06-14 06:24:15'),
(234, 4, 33, 67, '2025 / 2026 GENAP REGULER', '2026-06-14 06:24:15', '2026-06-14 06:24:15'),
(235, 4, 38, 9, '2025 / 2026 GENAP REGULER', '2026-06-14 06:24:15', '2026-06-14 06:24:15'),
(236, 4, 37, 68, '2025 / 2026 GENAP REGULER', '2026-06-14 06:24:15', '2026-06-14 06:24:15'),
(237, 4, 31, 69, '2025 / 2026 GENAP REGULER', '2026-06-14 06:24:15', '2026-06-14 06:24:15'),
(238, 4, 37, 70, '2025 / 2026 GENAP REGULER', '2026-06-14 06:24:15', '2026-06-14 06:24:15'),
(239, 4, 30, 71, '2025 / 2026 GENAP REGULER', '2026-06-14 06:24:15', '2026-06-14 06:24:15'),
(240, 4, 30, 72, '2025 / 2026 GENAP REGULER', '2026-06-14 06:24:15', '2026-06-14 06:24:15'),
(241, 5, 39, 13, '2025 / 2026 GENAP REGULER', '2026-06-14 06:24:15', '2026-06-14 06:24:15'),
(242, 5, 40, 73, '2025 / 2026 GENAP REGULER', '2026-06-14 06:24:15', '2026-06-14 06:24:15'),
(243, 5, 41, 74, '2025 / 2026 GENAP REGULER', '2026-06-14 06:24:15', '2026-06-14 06:24:15'),
(244, 4, 36, 75, '2025 / 2026 GENAP REGULER', '2026-06-14 06:24:15', '2026-06-14 06:24:15'),
(245, 5, 42, 76, '2025 / 2026 GENAP REGULER', '2026-06-14 06:24:15', '2026-06-14 06:24:15'),
(246, 5, 34, 9, '2025 / 2026 GENAP REGULER', '2026-06-14 06:24:15', '2026-06-14 06:24:15'),
(247, 5, 40, 77, '2025 / 2026 GENAP REGULER', '2026-06-14 06:24:15', '2026-06-14 06:24:15'),
(248, 5, 43, 78, '2025 / 2026 GENAP REGULER', '2026-06-14 06:24:15', '2026-06-14 06:24:15'),
(249, 2, 6, 79, '2025 / 2026 GENAP REGULER', '2026-06-14 06:24:15', '2026-06-14 06:24:15'),
(250, 2, 35, 80, '2025 / 2026 GENAP REGULER', '2026-06-14 06:24:15', '2026-06-14 06:24:15'),
(251, 2, 7, 81, '2025 / 2026 GENAP REGULER', '2026-06-14 06:24:15', '2026-06-14 06:24:15'),
(252, 2, 39, 13, '2025 / 2026 GENAP REGULER', '2026-06-14 06:24:15', '2026-06-14 06:24:15'),
(255, 5, 44, 83, '2025 / 2026 GENAP REGULER', '2026-06-14 06:24:15', '2026-06-14 06:24:15'),
(256, 5, 45, 84, '2025 / 2026 GENAP REGULER', '2026-06-14 06:24:15', '2026-06-14 06:24:15'),
(257, 5, 41, 85, '2025 / 2026 GENAP REGULER', '2026-06-14 06:24:15', '2026-06-14 06:24:15'),
(258, 5, 46, 86, '2025 / 2026 GENAP REGULER', '2026-06-14 06:24:15', '2026-06-14 06:24:15'),
(259, 5, 44, 87, '2025 / 2026 GENAP REGULER', '2026-06-14 06:24:15', '2026-06-14 06:24:15'),
(260, 5, 41, 88, '2025 / 2026 GENAP REGULER', '2026-06-14 06:24:15', '2026-06-14 06:24:15'),
(261, 5, 47, 89, '2025 / 2026 GENAP REGULER', '2026-06-14 06:24:15', '2026-06-14 06:24:15'),
(262, 5, 45, 90, '2025 / 2026 GENAP REGULER', '2026-06-14 06:24:15', '2026-06-14 06:24:15'),
(263, 5, 40, 91, '2025 / 2026 GENAP REGULER', '2026-06-14 06:24:15', '2026-06-14 06:24:15'),
(264, 5, 20, 22, '2025 / 2026 GENAP REGULER', '2026-06-14 06:24:15', '2026-06-14 06:24:15'),
(265, 2, 48, 92, '2025 / 2026 GENAP REGULER', '2026-06-14 06:24:15', '2026-06-14 06:24:15'),
(266, 2, 49, 93, '2025 / 2026 GENAP REGULER', '2026-06-14 06:24:15', '2026-06-14 06:24:15'),
(267, 2, 35, 94, '2025 / 2026 GENAP REGULER', '2026-06-14 06:24:15', '2026-06-14 06:24:15'),
(268, 2, 48, 95, '2025 / 2026 GENAP REGULER', '2026-06-14 06:24:15', '2026-06-14 06:24:15'),
(269, 5, 44, 96, '2025 / 2026 GENAP REGULER', '2026-06-14 06:24:15', '2026-06-14 06:24:15'),
(270, 5, 46, 97, '2025 / 2026 GENAP REGULER', '2026-06-14 06:24:15', '2026-06-14 06:24:15'),
(271, 5, 45, 98, '2025 / 2026 GENAP REGULER', '2026-06-14 06:24:15', '2026-06-14 06:24:15'),
(272, 2, 7, 99, '2025 / 2026 GENAP REGULER', '2026-06-14 06:24:15', '2026-06-14 06:24:15'),
(273, 2, 50, 100, '2025 / 2026 GENAP REGULER', '2026-06-14 06:24:15', '2026-06-14 06:24:15'),
(274, 4, 36, 101, '2025 / 2026 GENAP REGULER', '2026-06-14 06:24:15', '2026-06-14 06:24:15'),
(275, 2, 48, 102, '2025 / 2026 GENAP REGULER', '2026-06-14 06:24:15', '2026-06-14 06:24:15'),
(276, 2, 48, 103, '2025 / 2026 GENAP REGULER', '2026-06-14 06:24:15', '2026-06-14 06:24:15'),
(277, 5, 44, 104, '2025 / 2026 GENAP REGULER', '2026-06-14 06:24:15', '2026-06-14 06:24:15'),
(278, 2, 7, 105, '2025 / 2026 GENAP REGULER', '2026-06-14 06:24:15', '2026-06-14 06:24:15'),
(279, 2, 50, 106, '2025 / 2026 GENAP REGULER', '2026-06-14 06:24:15', '2026-06-14 06:24:15'),
(280, 2, 6, 107, '2025 / 2026 GENAP REGULER', '2026-06-14 06:24:15', '2026-06-14 06:24:15'),
(281, 2, 49, 108, '2025 / 2026 GENAP REGULER', '2026-06-14 06:24:15', '2026-06-14 06:24:15'),
(282, 2, 49, 84, '2025 / 2026 GENAP REGULER', '2026-06-14 06:24:15', '2026-06-14 06:24:15'),
(283, 4, 37, 109, '2025 / 2026 GENAP REGULER', '2026-06-14 06:24:15', '2026-06-14 06:24:15'),
(284, 4, 30, 57, '2025 / 2026 GENAP REGULER', '2026-06-14 06:24:15', '2026-06-14 06:24:15'),
(285, 2, 50, 107, '2025 / 2026 GENAP REGULER', '2026-06-14 06:24:15', '2026-06-14 06:24:15'),
(289, 2, 49, 110, '2025 / 2026 GANJIL REGULER', '2026-06-14 06:24:35', '2026-06-14 06:24:35'),
(290, 1, 2, 111, '2025 / 2026 GANJIL REGULER', '2026-06-14 06:24:35', '2026-06-14 06:24:35'),
(291, 1, 7, 112, '2025 / 2026 GANJIL REGULER', '2026-06-14 06:24:35', '2026-06-14 06:24:35'),
(292, 1, 51, 113, '2025 / 2026 GANJIL REGULER', '2026-06-14 06:24:35', '2026-06-14 06:24:35'),
(293, 1, 39, 114, '2025 / 2026 GANJIL REGULER', '2026-06-14 06:24:35', '2026-06-14 06:24:35'),
(294, 1, 4, 115, '2025 / 2026 GANJIL REGULER', '2026-06-14 06:24:35', '2026-06-14 06:24:35'),
(295, 1, 1, 116, '2025 / 2026 GANJIL REGULER', '2026-06-14 06:24:35', '2026-06-14 06:24:35'),
(296, 1, 2, 117, '2025 / 2026 GANJIL REGULER', '2026-06-14 06:24:35', '2026-06-14 06:24:35'),
(297, 1, 1, 118, '2025 / 2026 GANJIL REGULER', '2026-06-14 06:24:35', '2026-06-14 06:24:35'),
(298, 1, 1, 119, '2025 / 2026 GANJIL REGULER', '2026-06-14 06:24:35', '2026-06-14 06:24:35'),
(299, 1, 2, 120, '2025 / 2026 GANJIL REGULER', '2026-06-14 06:24:35', '2026-06-14 06:24:35'),
(300, 1, 5, 121, '2025 / 2026 GANJIL REGULER', '2026-06-14 06:24:35', '2026-06-14 06:24:35'),
(301, 3, 13, 122, '2025 / 2026 GANJIL REGULER', '2026-06-14 06:24:35', '2026-06-14 06:24:35'),
(302, 3, 52, 123, '2025 / 2026 GANJIL REGULER', '2026-06-14 06:24:35', '2026-06-14 06:24:35'),
(303, 3, 9, 124, '2025 / 2026 GANJIL REGULER', '2026-06-14 06:24:35', '2026-06-14 06:24:35'),
(304, 3, 53, 9, '2025 / 2026 GANJIL REGULER', '2026-06-14 06:24:35', '2026-06-14 06:24:35'),
(305, 3, 17, 114, '2025 / 2026 GANJIL REGULER', '2026-06-14 06:24:35', '2026-06-14 06:24:35'),
(306, 3, 54, 112, '2025 / 2026 GANJIL REGULER', '2026-06-14 06:24:35', '2026-06-14 06:24:35'),
(307, 3, 22, 125, '2025 / 2026 GANJIL REGULER', '2026-06-14 06:24:35', '2026-06-14 06:24:35'),
(308, 3, 55, 113, '2025 / 2026 GANJIL REGULER', '2026-06-14 06:24:35', '2026-06-14 06:24:35'),
(309, 3, 22, 122, '2025 / 2026 GANJIL REGULER', '2026-06-14 06:24:35', '2026-06-14 06:24:35'),
(310, 3, 13, 125, '2025 / 2026 GANJIL REGULER', '2026-06-14 06:24:35', '2026-06-14 06:24:35'),
(311, 3, 25, 126, '2025 / 2026 GANJIL REGULER', '2026-06-14 06:24:35', '2026-06-14 06:24:35'),
(312, 3, 12, 127, '2025 / 2026 GANJIL REGULER', '2026-06-14 06:24:35', '2026-06-14 06:24:35'),
(313, 3, 11, 25, '2025 / 2026 GANJIL REGULER', '2026-06-14 06:24:35', '2026-06-14 06:24:35'),
(314, 3, 25, 25, '2025 / 2026 GANJIL REGULER', '2026-06-14 06:24:35', '2026-06-14 06:24:35'),
(315, 3, 13, 128, '2025 / 2026 GANJIL REGULER', '2026-06-14 06:24:35', '2026-06-14 06:24:35'),
(316, 3, 11, 126, '2025 / 2026 GANJIL REGULER', '2026-06-14 06:24:35', '2026-06-14 06:24:35'),
(317, 3, 56, 129, '2025 / 2026 GANJIL REGULER', '2026-06-14 06:24:35', '2026-06-14 06:24:35'),
(318, 3, 13, 118, '2025 / 2026 GANJIL REGULER', '2026-06-14 06:24:35', '2026-06-14 06:24:35'),
(319, 3, 22, 79, '2025 / 2026 GANJIL REGULER', '2026-06-14 06:24:35', '2026-06-14 06:24:35'),
(320, 3, 17, 118, '2025 / 2026 GANJIL REGULER', '2026-06-14 06:24:35', '2026-06-14 06:24:35'),
(321, 3, 17, 130, '2025 / 2026 GANJIL REGULER', '2026-06-14 06:24:35', '2026-06-14 06:24:35'),
(322, 3, 22, 128, '2025 / 2026 GANJIL REGULER', '2026-06-14 06:24:35', '2026-06-14 06:24:35'),
(323, 3, 56, 130, '2025 / 2026 GANJIL REGULER', '2026-06-14 06:24:35', '2026-06-14 06:24:35'),
(324, 3, 24, 25, '2025 / 2026 GANJIL REGULER', '2026-06-14 06:24:35', '2026-06-14 06:24:35'),
(325, 3, 24, 130, '2025 / 2026 GANJIL REGULER', '2026-06-14 06:24:35', '2026-06-14 06:24:35'),
(326, 3, 26, 118, '2025 / 2026 GANJIL REGULER', '2026-06-14 06:24:35', '2026-06-14 06:24:35'),
(327, 5, 7, 112, '2025 / 2026 GANJIL REGULER', '2026-06-14 06:24:35', '2026-06-14 06:24:35'),
(328, 5, 41, 131, '2025 / 2026 GANJIL REGULER', '2026-06-14 06:24:35', '2026-06-14 06:24:35'),
(329, 1, 3, 132, '2025 / 2026 GANJIL REGULER', '2026-06-14 06:24:35', '2026-06-14 06:24:35'),
(330, 1, 4, 133, '2025 / 2026 GANJIL REGULER', '2026-06-14 06:24:35', '2026-06-14 06:24:35'),
(331, 1, 57, 134, '2025 / 2026 GANJIL REGULER', '2026-06-14 06:24:35', '2026-06-14 06:24:35'),
(332, 1, 5, 135, '2025 / 2026 GANJIL REGULER', '2026-06-14 06:24:35', '2026-06-14 06:24:35'),
(333, 1, 5, 136, '2025 / 2026 GANJIL REGULER', '2026-06-14 06:24:35', '2026-06-14 06:24:35'),
(334, 1, 4, 45, '2025 / 2026 GANJIL REGULER', '2026-06-14 06:24:35', '2026-06-14 06:24:35'),
(335, 1, 2, 121, '2025 / 2026 GANJIL REGULER', '2026-06-14 06:24:35', '2026-06-14 06:24:35'),
(336, 1, 3, 137, '2025 / 2026 GANJIL REGULER', '2026-06-14 06:24:35', '2026-06-14 06:24:35'),
(337, 3, 23, 138, '2025 / 2026 GANJIL REGULER', '2026-06-14 06:24:35', '2026-06-14 06:24:35'),
(338, 3, 20, 139, '2025 / 2026 GANJIL REGULER', '2026-06-14 06:24:35', '2026-06-14 06:24:35'),
(339, 3, 26, 138, '2025 / 2026 GANJIL REGULER', '2026-06-14 06:24:35', '2026-06-14 06:24:35'),
(340, 3, 9, 140, '2025 / 2026 GANJIL REGULER', '2026-06-14 06:24:35', '2026-06-14 06:24:35'),
(341, 3, 58, 141, '2025 / 2026 GANJIL REGULER', '2026-06-14 06:24:35', '2026-06-14 06:24:35'),
(342, 3, 12, 142, '2025 / 2026 GANJIL REGULER', '2026-06-14 06:24:35', '2026-06-14 06:24:35'),
(343, 3, 25, 143, '2025 / 2026 GANJIL REGULER', '2026-06-14 06:24:35', '2026-06-14 06:24:35'),
(344, 3, 20, 144, '2025 / 2026 GANJIL REGULER', '2026-06-14 06:24:35', '2026-06-14 06:24:35'),
(345, 3, 56, 142, '2025 / 2026 GANJIL REGULER', '2026-06-14 06:24:35', '2026-06-14 06:24:35'),
(346, 3, 12, 145, '2025 / 2026 GANJIL REGULER', '2026-06-14 06:24:35', '2026-06-14 06:24:35'),
(347, 3, 26, 145, '2025 / 2026 GANJIL REGULER', '2026-06-14 06:24:35', '2026-06-14 06:24:35'),
(348, 3, 11, 144, '2025 / 2026 GANJIL REGULER', '2026-06-14 06:24:35', '2026-06-14 06:24:35'),
(349, 3, 59, 140, '2025 / 2026 GANJIL REGULER', '2026-06-14 06:24:35', '2026-06-14 06:24:35'),
(350, 3, 23, 143, '2025 / 2026 GANJIL REGULER', '2026-06-14 06:24:35', '2026-06-14 06:24:35'),
(351, 3, 24, 145, '2025 / 2026 GANJIL REGULER', '2026-06-14 06:24:35', '2026-06-14 06:24:35'),
(352, 3, 24, 144, '2025 / 2026 GANJIL REGULER', '2026-06-14 06:24:35', '2026-06-14 06:24:35'),
(353, 1, 1, 146, '2025 / 2026 GANJIL REGULER', '2026-06-14 06:24:35', '2026-06-14 06:24:35'),
(354, 1, 20, 147, '2025 / 2026 GANJIL REGULER', '2026-06-14 06:24:35', '2026-06-14 06:24:35'),
(355, 1, 3, 148, '2025 / 2026 GANJIL REGULER', '2026-06-14 06:24:35', '2026-06-14 06:24:35'),
(356, 5, 39, 114, '2025 / 2026 GANJIL REGULER', '2026-06-14 06:24:35', '2026-06-14 06:24:35'),
(357, 5, 39, 113, '2025 / 2026 GANJIL REGULER', '2026-06-14 06:24:35', '2026-06-14 06:24:35'),
(358, 3, 20, 149, '2025 / 2026 GANJIL REGULER', '2026-06-14 06:24:35', '2026-06-14 06:24:35'),
(359, 3, 25, 149, '2025 / 2026 GANJIL REGULER', '2026-06-14 06:24:35', '2026-06-14 06:24:35'),
(360, 5, 40, 150, '2025 / 2026 GANJIL REGULER', '2026-06-14 06:24:35', '2026-06-14 06:24:35'),
(361, 5, 44, 151, '2025 / 2026 GANJIL REGULER', '2026-06-14 06:24:35', '2026-06-14 06:24:35'),
(362, 2, 49, 152, '2025 / 2026 GANJIL REGULER', '2026-06-14 06:24:35', '2026-06-14 06:24:35'),
(363, 5, 40, 153, '2025 / 2026 GANJIL REGULER', '2026-06-14 06:24:35', '2026-06-14 06:24:35'),
(364, 1, 4, 46, '2025 / 2026 GANJIL REGULER', '2026-06-14 06:24:35', '2026-06-14 06:24:35'),
(365, 1, 3, 154, '2025 / 2026 GANJIL REGULER', '2026-06-14 06:24:35', '2026-06-14 06:24:35'),
(366, 5, 41, 155, '2025 / 2026 GANJIL REGULER', '2026-06-14 06:24:35', '2026-06-14 06:24:35'),
(367, 3, 24, 125, '2025 / 2026 GANJIL REGULER', '2026-06-14 06:24:35', '2026-06-14 06:24:35'),
(368, 2, 49, 156, '2025 / 2026 GANJIL REGULER', '2026-06-14 06:24:35', '2026-06-14 06:24:35'),
(369, 1, 3, 157, '2025 / 2026 GANJIL REGULER', '2026-06-14 06:24:35', '2026-06-14 06:24:35'),
(370, 5, 45, 158, '2025 / 2026 GANJIL REGULER', '2026-06-14 06:24:35', '2026-06-14 06:24:35'),
(371, 5, 5, 116, '2025 / 2026 GANJIL REGULER', '2026-06-14 06:24:35', '2026-06-14 06:24:35'),
(372, 5, 46, 159, '2025 / 2026 GANJIL REGULER', '2026-06-14 06:24:35', '2026-06-14 06:24:35'),
(373, 1, 57, 160, '2025 / 2026 GANJIL REGULER', '2026-06-14 06:24:35', '2026-06-14 06:24:35'),
(374, 3, 28, 161, '2025 / 2026 GANJIL REGULER', '2026-06-14 06:24:35', '2026-06-14 06:24:35'),
(375, 2, 28, 162, '2025 / 2026 GANJIL REGULER', '2026-06-14 06:24:35', '2026-06-14 06:24:35'),
(376, 2, 28, 163, '2025 / 2026 GANJIL REGULER', '2026-06-14 06:24:35', '2026-06-14 06:24:35'),
(377, 4, 28, 162, '2025 / 2026 GANJIL REGULER', '2026-06-14 06:24:35', '2026-06-14 06:24:35'),
(378, 5, 28, 162, '2025 / 2026 GANJIL REGULER', '2026-06-14 06:24:35', '2026-06-14 06:24:35'),
(379, 1, 28, 162, '2025 / 2026 GANJIL REGULER', '2026-06-14 06:24:35', '2026-06-14 06:24:35'),
(380, 4, 28, 164, '2025 / 2026 GANJIL REGULER', '2026-06-14 06:24:35', '2026-06-14 06:24:35'),
(381, 1, 28, 165, '2025 / 2026 GANJIL REGULER', '2026-06-14 06:24:35', '2026-06-14 06:24:35'),
(382, 4, 28, 165, '2025 / 2026 GANJIL REGULER', '2026-06-14 06:24:35', '2026-06-14 06:24:35'),
(383, 4, 32, 166, '2025 / 2026 GANJIL REGULER', '2026-06-14 06:24:35', '2026-06-14 06:24:35'),
(384, 4, 30, 167, '2025 / 2026 GANJIL REGULER', '2026-06-14 06:24:35', '2026-06-14 06:24:35'),
(385, 4, 60, 168, '2025 / 2026 GANJIL REGULER', '2026-06-14 06:24:35', '2026-06-14 06:24:35'),
(386, 4, 36, 169, '2025 / 2026 GANJIL REGULER', '2026-06-14 06:24:35', '2026-06-14 06:24:35'),
(387, 4, 32, 170, '2025 / 2026 GANJIL REGULER', '2026-06-14 06:24:35', '2026-06-14 06:24:35'),
(388, 4, 30, 171, '2025 / 2026 GANJIL REGULER', '2026-06-14 06:24:35', '2026-06-14 06:24:35'),
(389, 4, 32, 172, '2025 / 2026 GANJIL REGULER', '2026-06-14 06:24:35', '2026-06-14 06:24:35'),
(390, 4, 61, 173, '2025 / 2026 GANJIL REGULER', '2026-06-14 06:24:35', '2026-06-14 06:24:35'),
(391, 4, 61, 174, '2025 / 2026 GANJIL REGULER', '2026-06-14 06:24:35', '2026-06-14 06:24:35'),
(392, 4, 60, 174, '2025 / 2026 GANJIL REGULER', '2026-06-14 06:24:35', '2026-06-14 06:24:35'),
(393, 4, 30, 172, '2025 / 2026 GANJIL REGULER', '2026-06-14 06:24:35', '2026-06-14 06:24:35'),
(394, 2, 50, 175, '2025 / 2026 GANJIL REGULER', '2026-06-14 06:24:35', '2026-06-14 06:24:35'),
(395, 2, 35, 118, '2025 / 2026 GANJIL REGULER', '2026-06-14 06:24:35', '2026-06-14 06:24:35'),
(396, 2, 48, 176, '2025 / 2026 GANJIL REGULER', '2026-06-14 06:24:35', '2026-06-14 06:24:35'),
(397, 2, 50, 177, '2025 / 2026 GANJIL REGULER', '2026-06-14 06:24:35', '2026-06-14 06:24:35'),
(398, 4, 61, 178, '2025 / 2026 GANJIL REGULER', '2026-06-14 06:24:35', '2026-06-14 06:24:35'),
(399, 4, 36, 179, '2025 / 2026 GANJIL REGULER', '2026-06-14 06:24:35', '2026-06-14 06:24:35'),
(400, 4, 36, 180, '2025 / 2026 GANJIL REGULER', '2026-06-14 06:24:35', '2026-06-14 06:24:35'),
(401, 4, 36, 181, '2025 / 2026 GANJIL REGULER', '2026-06-14 06:24:35', '2026-06-14 06:24:35'),
(402, 4, 37, 182, '2025 / 2026 GANJIL REGULER', '2026-06-14 06:24:35', '2026-06-14 06:24:35'),
(403, 4, 39, 114, '2025 / 2026 GANJIL REGULER', '2026-06-14 06:24:35', '2026-06-14 06:24:35'),
(404, 4, 62, 113, '2025 / 2026 GANJIL REGULER', '2026-06-14 06:24:36', '2026-06-14 06:24:36'),
(405, 4, 31, 118, '2025 / 2026 GANJIL REGULER', '2026-06-14 06:24:36', '2026-06-14 06:24:36'),
(406, 4, 63, 183, '2025 / 2026 GANJIL REGULER', '2026-06-14 06:24:36', '2026-06-14 06:24:36'),
(407, 4, 63, 112, '2025 / 2026 GANJIL REGULER', '2026-06-14 06:24:36', '2026-06-14 06:24:36'),
(408, 4, 30, 184, '2025 / 2026 GANJIL REGULER', '2026-06-14 06:24:36', '2026-06-14 06:24:36'),
(409, 4, 37, 185, '2025 / 2026 GANJIL REGULER', '2026-06-14 06:24:36', '2026-06-14 06:24:36'),
(410, 4, 37, 186, '2025 / 2026 GANJIL REGULER', '2026-06-14 06:24:36', '2026-06-14 06:24:36'),
(411, 4, 32, 180, '2025 / 2026 GANJIL REGULER', '2026-06-14 06:24:36', '2026-06-14 06:24:36'),
(412, 4, 37, 32, '2025 / 2026 GANJIL REGULER', '2026-06-14 06:24:36', '2026-06-14 06:24:36'),
(413, 5, 40, 187, '2025 / 2026 GANJIL REGULER', '2026-06-14 06:24:36', '2026-06-14 06:24:36'),
(414, 4, 30, 188, '2025 / 2026 GANJIL REGULER', '2026-06-14 06:24:36', '2026-06-14 06:24:36'),
(415, 4, 60, 188, '2025 / 2026 GANJIL REGULER', '2026-06-14 06:24:36', '2026-06-14 06:24:36'),
(416, 4, 36, 184, '2025 / 2026 GANJIL REGULER', '2026-06-14 06:24:36', '2026-06-14 06:24:36'),
(417, 5, 44, 189, '2025 / 2026 GANJIL REGULER', '2026-06-14 06:24:36', '2026-06-14 06:24:36'),
(418, 5, 64, 190, '2025 / 2026 GANJIL REGULER', '2026-06-14 06:24:36', '2026-06-14 06:24:36'),
(419, 5, 41, 191, '2025 / 2026 GANJIL REGULER', '2026-06-14 06:24:36', '2026-06-14 06:24:36'),
(420, 5, 41, 192, '2025 / 2026 GANJIL REGULER', '2026-06-14 06:24:36', '2026-06-14 06:24:36'),
(421, 5, 44, 65, '2025 / 2026 GANJIL REGULER', '2026-06-14 06:24:36', '2026-06-14 06:24:36'),
(422, 5, 45, 118, '2025 / 2026 GANJIL REGULER', '2026-06-14 06:24:36', '2026-06-14 06:24:36'),
(423, 5, 41, 193, '2025 / 2026 GANJIL REGULER', '2026-06-14 06:24:36', '2026-06-14 06:24:36'),
(424, 5, 46, 97, '2025 / 2026 GANJIL REGULER', '2026-06-14 06:24:36', '2026-06-14 06:24:36'),
(425, 5, 64, 194, '2025 / 2026 GANJIL REGULER', '2026-06-14 06:24:36', '2026-06-14 06:24:36'),
(426, 5, 44, 195, '2025 / 2026 GANJIL REGULER', '2026-06-14 06:24:36', '2026-06-14 06:24:36'),
(427, 5, 64, 196, '2025 / 2026 GANJIL REGULER', '2026-06-14 06:24:36', '2026-06-14 06:24:36'),
(428, 5, 45, 197, '2025 / 2026 GANJIL REGULER', '2026-06-14 06:24:36', '2026-06-14 06:24:36'),
(429, 5, 65, 198, '2025 / 2026 GANJIL REGULER', '2026-06-14 06:24:36', '2026-06-14 06:24:36'),
(430, 5, 40, 199, '2025 / 2026 GANJIL REGULER', '2026-06-14 06:24:36', '2026-06-14 06:24:36'),
(431, 5, 44, 200, '2025 / 2026 GANJIL REGULER', '2026-06-14 06:24:36', '2026-06-14 06:24:36'),
(432, 2, 48, 195, '2025 / 2026 GANJIL REGULER', '2026-06-14 06:24:36', '2026-06-14 06:24:36'),
(433, 2, 7, 201, '2025 / 2026 GANJIL REGULER', '2026-06-14 06:24:36', '2026-06-14 06:24:36'),
(434, 2, 6, 202, '2025 / 2026 GANJIL REGULER', '2026-06-14 06:24:36', '2026-06-14 06:24:36'),
(435, 2, 48, 203, '2025 / 2026 GANJIL REGULER', '2026-06-14 06:24:36', '2026-06-14 06:24:36'),
(436, 2, 7, 112, '2025 / 2026 GANJIL REGULER', '2026-06-14 06:24:36', '2026-06-14 06:24:36'),
(437, 2, 39, 114, '2025 / 2026 GANJIL REGULER', '2026-06-14 06:24:36', '2026-06-14 06:24:36'),
(438, 2, 35, 204, '2025 / 2026 GANJIL REGULER', '2026-06-14 06:24:36', '2026-06-14 06:24:36'),
(439, 2, 6, 22, '2025 / 2026 GANJIL REGULER', '2026-06-14 06:24:36', '2026-06-14 06:24:36'),
(440, 2, 50, 205, '2025 / 2026 GANJIL REGULER', '2026-06-14 06:24:36', '2026-06-14 06:24:36'),
(441, 2, 7, 206, '2025 / 2026 GANJIL REGULER', '2026-06-14 06:24:36', '2026-06-14 06:24:36'),
(442, 2, 6, 207, '2025 / 2026 GANJIL REGULER', '2026-06-14 06:24:36', '2026-06-14 06:24:36'),
(443, 2, 66, 113, '2025 / 2026 GANJIL REGULER', '2026-06-14 06:24:36', '2026-06-14 06:24:36'),
(444, 2, 48, 208, '2025 / 2026 GANJIL REGULER', '2026-06-14 06:24:36', '2026-06-14 06:24:36'),
(445, 2, 48, 209, '2025 / 2026 GANJIL REGULER', '2026-06-14 06:24:36', '2026-06-14 06:24:36'),
(446, 2, 7, 203, '2025 / 2026 GANJIL REGULER', '2026-06-14 06:24:36', '2026-06-14 06:24:36'),
(447, 2, 49, 210, '2025 / 2026 GANJIL REGULER', '2026-06-14 06:24:36', '2026-06-14 06:24:36'),
(448, 2, 7, 7, '2025 / 2026 GANJIL REGULER', '2026-06-14 06:24:36', '2026-06-14 06:24:36'),
(449, 2, 35, 211, '2025 / 2026 GANJIL REGULER', '2026-06-14 06:24:36', '2026-06-14 06:24:36'),
(450, 2, 35, 212, '2025 / 2026 GANJIL REGULER', '2026-06-14 06:24:36', '2026-06-14 06:24:36'),
(451, 2, 7, 213, '2025 / 2026 GANJIL REGULER', '2026-06-14 06:24:36', '2026-06-14 06:24:36');

-- --------------------------------------------------------

--
-- Struktur dari tabel `jobs`
--

CREATE TABLE `jobs` (
  `id` bigint(20) UNSIGNED NOT NULL,
  `queue` varchar(255) NOT NULL,
  `payload` longtext NOT NULL,
  `attempts` smallint(5) UNSIGNED NOT NULL,
  `reserved_at` int(10) UNSIGNED DEFAULT NULL,
  `available_at` int(10) UNSIGNED NOT NULL,
  `created_at` int(10) UNSIGNED NOT NULL
) ENGINE=InnoDB DEFAULT CHARSET=utf8mb4 COLLATE=utf8mb4_unicode_ci;

-- --------------------------------------------------------

--
-- Struktur dari tabel `job_batches`
--

CREATE TABLE `job_batches` (
  `id` varchar(255) NOT NULL,
  `name` varchar(255) NOT NULL,
  `total_jobs` int(11) NOT NULL,
  `pending_jobs` int(11) NOT NULL,
  `failed_jobs` int(11) NOT NULL,
  `failed_job_ids` longtext NOT NULL,
  `options` mediumtext DEFAULT NULL,
  `cancelled_at` int(11) DEFAULT NULL,
  `created_at` int(11) NOT NULL,
  `finished_at` int(11) DEFAULT NULL
) ENGINE=InnoDB DEFAULT CHARSET=utf8mb4 COLLATE=utf8mb4_unicode_ci;

-- --------------------------------------------------------

--
-- Struktur dari tabel `mata_kuliahs`
--

CREATE TABLE `mata_kuliahs` (
  `id` bigint(20) UNSIGNED NOT NULL,
  `name` varchar(255) NOT NULL,
  `code` varchar(255) DEFAULT NULL,
  `created_at` timestamp NULL DEFAULT NULL,
  `updated_at` timestamp NULL DEFAULT NULL
) ENGINE=InnoDB DEFAULT CHARSET=utf8mb4 COLLATE=utf8mb4_unicode_ci;

--
-- Dumping data untuk tabel `mata_kuliahs`
--

INSERT INTO `mata_kuliahs` (`id`, `name`, `code`, `created_at`, `updated_at`) VALUES
(1, 'KOMUNIKASI PEMASARAN TERPADU', NULL, '2026-06-13 16:05:08', '2026-06-13 16:05:08'),
(2, 'SISTEM KOMUNIKASI INDONESIA', NULL, '2026-06-13 16:05:08', '2026-06-13 16:05:08'),
(3, 'KOMUNIKASI MASSA', NULL, '2026-06-13 16:05:08', '2026-06-13 16:05:08'),
(4, 'KEWIRAUSAHAAN KOMUNIKASI', NULL, '2026-06-13 16:05:08', '2026-06-13 16:05:08'),
(5, 'KOMUNIKASI DAN ETIKA PROFESI', NULL, '2026-06-13 16:05:08', '2026-06-13 16:05:08'),
(6, 'EKONOMI SUMBER DAYA ALAM DAN LINGKUNGAN', NULL, '2026-06-13 16:05:08', '2026-06-13 16:05:08'),
(7, 'MANAJEMEN PERUSAHAAN PERKEBUNAN', NULL, '2026-06-13 16:05:09', '2026-06-13 16:05:09'),
(8, 'MANAJEMEN RANTAI PASOK DAN RANTAI NILAI', NULL, '2026-06-13 16:05:09', '2026-06-13 16:05:09'),
(9, 'BAHASA INDONESIA', NULL, '2026-06-13 16:05:09', '2026-06-13 16:05:09'),
(10, 'FILSAFAT ILMU KOMUNIKASI', NULL, '2026-06-13 16:05:09', '2026-06-13 16:05:09'),
(11, 'PUBLIC RELATIONS', NULL, '2026-06-13 16:05:09', '2026-06-13 16:05:09'),
(12, 'KOMUNIKASI ANTARPRIBADI', NULL, '2026-06-13 16:05:09', '2026-06-13 16:05:09'),
(13, 'KEWARGANEGARAAN', NULL, '2026-06-13 16:05:09', '2026-06-13 16:05:09'),
(14, 'MANAJEMEN MEDIA ONLINE', NULL, '2026-06-13 16:05:09', '2026-06-13 16:05:09'),
(15, 'TEKNIK LOBBY DAN NEGOSIASI', NULL, '2026-06-13 16:05:09', '2026-06-13 16:05:09'),
(16, 'KOMUNIKASI INTERNASIONAL', NULL, '2026-06-13 16:05:09', '2026-06-13 16:05:09'),
(17, 'KOMUNIKASI DAN CSR', NULL, '2026-06-13 16:05:09', '2026-06-13 16:05:09'),
(18, 'MANAJEMEN PEMASARAN', NULL, '2026-06-13 16:05:09', '2026-06-13 16:05:09'),
(19, 'MANAJEMEN KEUANGAN', NULL, '2026-06-13 16:05:09', '2026-06-13 16:05:09'),
(20, 'PERILAKU ORGANISASI', NULL, '2026-06-13 16:05:09', '2026-06-13 16:05:09'),
(21, 'TEORI PENGAMBILAN KEPUTUSAN', NULL, '2026-06-13 16:05:09', '2026-06-13 16:05:09'),
(22, 'MANAJEMEN SUMBER DAYA MANUSIA', NULL, '2026-06-13 16:05:09', '2026-06-13 16:05:09'),
(23, 'PENGANTAR KEWIRAUSAHAAN', NULL, '2026-06-13 16:05:09', '2026-06-13 16:05:09'),
(24, 'ANALISIS LAPORAN KEUANGAN', NULL, '2026-06-13 16:05:09', '2026-06-13 16:05:09'),
(25, 'MANAJEMEN STRATEGI', NULL, '2026-06-13 16:05:09', '2026-06-13 16:05:09'),
(26, 'MATEMATIKA BISNIS', NULL, '2026-06-13 16:05:09', '2026-06-13 16:05:09'),
(27, 'MAKROEKONOMI', NULL, '2026-06-13 16:05:09', '2026-06-13 16:05:09'),
(28, 'AKUNTANSI MANAJEMEN', NULL, '2026-06-13 16:05:09', '2026-06-13 16:05:09'),
(29, 'PRAKTEK KEWIRAUSAHAAN MANDIRI', NULL, '2026-06-13 16:05:09', '2026-06-13 16:05:09'),
(30, 'MANAJEMEN INOVATIF DAN KREATIF', NULL, '2026-06-13 16:05:09', '2026-06-13 16:05:09'),
(31, 'PEREKONOMIAN INDONESIA', NULL, '2026-06-13 16:05:09', '2026-06-13 16:05:09'),
(32, 'METODOLOGI PENELITIAN', NULL, '2026-06-13 16:05:09', '2026-06-13 16:05:09'),
(33, 'PERPAJAKAN', NULL, '2026-06-13 16:05:09', '2026-06-13 16:05:09'),
(34, 'PENGANGGARAN PERUSAHAAN', NULL, '2026-06-13 16:05:09', '2026-06-13 16:05:09'),
(35, 'DIGITAL BISNIS DAN E-COMMERCE', NULL, '2026-06-13 16:05:09', '2026-06-13 16:05:09'),
(36, 'EKONOMI MANAJERIAL', NULL, '2026-06-13 16:05:09', '2026-06-13 16:05:09'),
(37, 'MANAJEMEN KOPERASI', NULL, '2026-06-13 16:05:09', '2026-06-13 16:05:09'),
(38, 'TEORI KOMUNIKASI', NULL, '2026-06-13 16:05:09', '2026-06-13 16:05:09'),
(39, 'PRAKTEK PENGANGGARAN PERUSAHAAN', NULL, '2026-06-13 16:05:09', '2026-06-13 16:05:09'),
(40, 'PERIKLANAN', NULL, '2026-06-13 16:05:09', '2026-06-13 16:05:09'),
(41, 'METODE PENELITIAN KUALITATIF', NULL, '2026-06-13 16:05:09', '2026-06-13 16:05:09'),
(42, 'PRODUKSI SIARAN TV', NULL, '2026-06-13 16:05:09', '2026-06-13 16:05:09'),
(43, 'PRODUKSI SIARAN RADIO', NULL, '2026-06-13 16:05:09', '2026-06-13 16:05:09'),
(44, 'KOMUNIKASI DAN BUDAYA KONSUMEN', NULL, '2026-06-13 16:05:09', '2026-06-13 16:05:09'),
(45, 'METODE PENELITIAN KUANTITATIF', NULL, '2026-06-13 16:05:09', '2026-06-13 16:05:09'),
(46, 'PENCITRAAN (BRANDING)', NULL, '2026-06-13 16:05:09', '2026-06-13 16:05:09'),
(47, 'FOTOGRAFI', NULL, '2026-06-13 16:05:09', '2026-06-13 16:05:09'),
(48, 'FILMOLOGI & SINEMATOGRAFI', NULL, '2026-06-13 16:05:09', '2026-06-13 16:05:09'),
(49, 'SKRIPSI', NULL, '2026-06-13 16:05:09', '2026-06-13 16:05:09'),
(50, 'UJIAN KOMPREHENSIF', NULL, '2026-06-13 16:05:09', '2026-06-13 16:05:09'),
(51, 'STRUKTUR DATA DAN ALGORITMA', NULL, '2026-06-13 16:05:09', '2026-06-13 16:05:09'),
(52, 'JARINGAN KOMPUTER TERAPAN', NULL, '2026-06-13 16:05:09', '2026-06-13 16:05:09'),
(53, 'PENGOLAHAN CITRA', NULL, '2026-06-13 16:05:09', '2026-06-13 16:05:09'),
(54, 'MULTIMEDIA', NULL, '2026-06-13 16:05:09', '2026-06-13 16:05:09'),
(55, 'KNOWLEDGE BASED & EXPERT SYSTEM', NULL, '2026-06-13 16:05:09', '2026-06-13 16:05:09'),
(56, 'ARTIFICIAL INTELLIGENCE', NULL, '2026-06-13 16:05:09', '2026-06-13 16:05:09'),
(57, 'MOBILE APPLICATION PROGRAMMING', NULL, '2026-06-13 16:05:09', '2026-06-13 16:05:09'),
(58, 'PRAKTIKUM STRUKTUR DATA DAN ALGORITMA', NULL, '2026-06-13 16:05:09', '2026-06-13 16:05:09'),
(59, 'INTERNET PROGRAMMING', NULL, '2026-06-13 16:05:09', '2026-06-13 16:05:09'),
(60, 'SOSIOLOGI PEDESAAN DALAM AGRIBISNIS', NULL, '2026-06-13 16:05:09', '2026-06-13 16:05:09'),
(61, 'EKONOMI MIKRO', NULL, '2026-06-13 16:05:09', '2026-06-13 16:05:09'),
(62, 'KOPERASI DAN KELEMBAGAAN AGRIBISNIS', NULL, '2026-06-13 16:05:09', '2026-06-13 16:05:09'),
(63, 'INTERAKSI MANUSIA DAN KOMPUTER', NULL, '2026-06-13 16:05:09', '2026-06-13 16:05:09'),
(64, 'TEKNIK KOMPILASI', NULL, '2026-06-13 16:05:09', '2026-06-13 16:05:09'),
(65, 'KALKULUS', NULL, '2026-06-13 16:05:09', '2026-06-13 16:05:09'),
(66, 'TECHNOPRENEURSHIP', NULL, '2026-06-13 16:05:09', '2026-06-13 16:05:09'),
(67, 'KOMUNIKASI DATA', NULL, '2026-06-13 16:05:09', '2026-06-13 16:05:09'),
(68, 'DATA WAREHOUSE', NULL, '2026-06-13 16:05:09', '2026-06-13 16:05:09'),
(69, 'JARINGAN KOMPUTER DASAR', NULL, '2026-06-13 16:05:09', '2026-06-13 16:05:09'),
(70, 'ETIKA PROFESI', NULL, '2026-06-13 16:05:09', '2026-06-13 16:05:09'),
(71, 'COMPUTER FORENSIC', NULL, '2026-06-13 16:05:09', '2026-06-13 16:05:09'),
(72, 'SISTEM KEAMANAN KOMPUTER', NULL, '2026-06-13 16:05:09', '2026-06-13 16:05:09'),
(73, 'IKHTIOLOGI DAN FISIOLOGI HEWAN AIR', NULL, '2026-06-13 16:05:09', '2026-06-13 16:05:09'),
(74, 'FISIKA KIMIA PERAIRAN', NULL, '2026-06-13 16:05:09', '2026-06-13 16:05:09'),
(75, 'SISTEM OPERASI', NULL, '2026-06-13 16:05:09', '2026-06-13 16:05:09'),
(76, 'PENGANTAR BIOTEKNOLOGI PERIKANAN', NULL, '2026-06-13 16:05:09', '2026-06-13 16:05:09'),
(77, 'BIOLOGI PERIKANAN', NULL, '2026-06-13 16:05:09', '2026-06-13 16:05:09'),
(78, 'MIKROBIOLOGI PERIKANAN', NULL, '2026-06-13 16:05:09', '2026-06-13 16:05:09'),
(79, 'STATISTIK BISNIS', NULL, '2026-06-13 16:05:09', '2026-06-13 16:05:09'),
(80, 'AKUNTANSI AGRIBISNIS', NULL, '2026-06-13 16:05:09', '2026-06-13 16:05:09'),
(81, 'ENGLISH FOR UNIVERSITY', NULL, '2026-06-13 16:05:09', '2026-06-13 16:05:09'),
(82, 'SEMINAR', NULL, '2026-06-13 16:05:09', '2026-06-13 16:05:09'),
(83, 'ORGANOLEPTIK', NULL, '2026-06-13 16:05:09', '2026-06-13 16:05:09'),
(84, 'KEWIRAUSAHAAN PRODUK PERIKANAN', NULL, '2026-06-13 16:05:09', '2026-06-13 16:05:09'),
(85, 'BUDIDAYA IKAN HIAS', NULL, '2026-06-13 16:05:09', '2026-06-13 16:05:09'),
(86, 'MANAJEMEN KESEHATAN IKAN', NULL, '2026-06-13 16:05:09', '2026-06-13 16:05:09'),
(87, 'STATISTIK DAN RANCOB', NULL, '2026-06-13 16:05:09', '2026-06-13 16:05:09'),
(88, 'REKAYASA AKUAKULTUR', NULL, '2026-06-13 16:05:09', '2026-06-13 16:05:09'),
(89, 'PENGENDALIAN MUTU HASIL PERIKANAN', NULL, '2026-06-13 16:05:09', '2026-06-13 16:05:09'),
(90, 'NUTRISI DAN TEKNOLOGI PAKAN IKAN', NULL, '2026-06-13 16:05:09', '2026-06-13 16:05:09'),
(91, 'MANAJEMEN HATCHERY', NULL, '2026-06-13 16:05:09', '2026-06-13 16:05:09'),
(92, 'RISET OPERASIONAL AGRIBISNIS', NULL, '2026-06-13 16:05:09', '2026-06-13 16:05:09'),
(93, 'KEPEMIMPINAN BISNIS', NULL, '2026-06-13 16:05:09', '2026-06-13 16:05:09'),
(94, 'PEMBERDAYAAN MASYARAKAT DALAM AGRIBISNIS', NULL, '2026-06-13 16:05:09', '2026-06-13 16:05:09'),
(95, 'METODE RISET BISNIS', NULL, '2026-06-13 16:05:09', '2026-06-13 16:05:09'),
(96, 'SANITASI DAN HYGIENE HASIL PERIKANAN', NULL, '2026-06-13 16:05:09', '2026-06-13 16:05:09'),
(97, 'BAHASA INGGRIS PERIKANAN', NULL, '2026-06-13 16:05:09', '2026-06-13 16:05:09'),
(98, 'MANAJEMEN PEMBERIAN PAKAN', NULL, '2026-06-13 16:05:09', '2026-06-13 16:05:09'),
(99, 'EKONOMI MAKRO', NULL, '2026-06-13 16:05:09', '2026-06-13 16:05:09'),
(100, 'PERLINDUNGAN TANAMAN TERPADU', NULL, '2026-06-13 16:05:09', '2026-06-13 16:05:09'),
(101, 'STATISTIKA & PROBABILITAS', NULL, '2026-06-13 16:05:09', '2026-06-13 16:05:09'),
(102, 'USAHATANI', NULL, '2026-06-13 16:05:09', '2026-06-13 16:05:09'),
(103, 'EKONOMI PRODUKSI', NULL, '2026-06-13 16:05:09', '2026-06-13 16:05:09'),
(104, 'PENGOLAHAN LIMBAH HASIL PERIKANAN', NULL, '2026-06-13 16:05:09', '2026-06-13 16:05:09'),
(105, 'MANAJEMEN RESIKO AGRIBISNIS', NULL, '2026-06-13 16:05:09', '2026-06-13 16:05:09'),
(106, 'MEKANISASI PERTANIAN', NULL, '2026-06-13 16:05:09', '2026-06-13 16:05:09'),
(107, 'STRATEGI DAN KEBIJAKAN BISNIS', NULL, '2026-06-13 16:05:09', '2026-06-13 16:05:09'),
(108, 'TEKNOLOGI PANEN DAN PASCA PANEN', NULL, '2026-06-13 16:05:09', '2026-06-13 16:05:09'),
(109, 'SISTEM INFORMASI', NULL, '2026-06-13 16:05:09', '2026-06-13 16:05:09'),
(110, 'ETIKA BISNIS', 'N/A', '2026-06-14 06:24:35', '2026-06-14 06:24:35'),
(111, 'SOSIOLOGI KOMUNIKASI', 'N/A', '2026-06-14 06:24:35', '2026-06-14 06:24:35'),
(112, 'BAHASA INGGRIS', 'N/A', '2026-06-14 06:24:35', '2026-06-14 06:24:35'),
(113, 'PENDIDIKAN AGAMA', 'N/A', '2026-06-14 06:24:35', '2026-06-14 06:24:35'),
(114, 'PANCASILA', 'N/A', '2026-06-14 06:24:35', '2026-06-14 06:24:35'),
(115, 'KOMUNIKASI ANTAR BUDAYA', 'N/A', '2026-06-14 06:24:35', '2026-06-14 06:24:35'),
(116, 'KOMUNIKASI BISNIS', 'N/A', '2026-06-14 06:24:35', '2026-06-14 06:24:35'),
(117, 'PSIKOLOGI KOMUNIKASI', 'N/A', '2026-06-14 06:24:35', '2026-06-14 06:24:35'),
(118, 'ENTREPRENEURSHIP', 'N/A', '2026-06-14 06:24:35', '2026-06-14 06:24:35'),
(119, 'TEKNIK PENULISAN ILMIAH', 'N/A', '2026-06-14 06:24:35', '2026-06-14 06:24:35'),
(120, 'KEPEMIMPINAN', 'N/A', '2026-06-14 06:24:35', '2026-06-14 06:24:35'),
(121, 'KOMUNIKASI PEMBANGUNAN', 'N/A', '2026-06-14 06:24:35', '2026-06-14 06:24:35'),
(122, 'PENGANTAR BISNIS', 'N/A', '2026-06-14 06:24:35', '2026-06-14 06:24:35'),
(123, 'MIKROEKONOMI', 'N/A', '2026-06-14 06:24:35', '2026-06-14 06:24:35'),
(124, 'PENGANTAR MANAJEMEN', 'N/A', '2026-06-14 06:24:35', '2026-06-14 06:24:35'),
(125, 'PENGANTAR AKUNTANSI', 'N/A', '2026-06-14 06:24:35', '2026-06-14 06:24:35'),
(126, 'MANAJEMEN OPERASIONAL', 'N/A', '2026-06-14 06:24:35', '2026-06-14 06:24:35'),
(127, 'SISTEM INFORMASI MANAJEMEN', 'N/A', '2026-06-14 06:24:35', '2026-06-14 06:24:35'),
(128, 'AKUNTANSI BIAYA', 'N/A', '2026-06-14 06:24:35', '2026-06-14 06:24:35'),
(129, 'HUKUM BISNIS', 'N/A', '2026-06-14 06:24:35', '2026-06-14 06:24:35'),
(130, 'MANAJEMEN PERUBAHAN ORGANISASI', 'N/A', '2026-06-14 06:24:35', '2026-06-14 06:24:35'),
(131, 'PENYULUHAN PERIKANAN', 'N/A', '2026-06-14 06:24:35', '2026-06-14 06:24:35'),
(132, 'LITERASI DIGITAL', 'N/A', '2026-06-14 06:24:35', '2026-06-14 06:24:35'),
(133, 'PENGANTAR ILMU KOMUNIKASI', 'N/A', '2026-06-14 06:24:35', '2026-06-14 06:24:35'),
(134, 'DESAIN KOMUNIKASI VISUAL', 'N/A', '2026-06-14 06:24:35', '2026-06-14 06:24:35'),
(135, 'PUBLIC SPEAKING', 'N/A', '2026-06-14 06:24:35', '2026-06-14 06:24:35'),
(136, 'BERPIKIR KREATIF', 'N/A', '2026-06-14 06:24:35', '2026-06-14 06:24:35'),
(137, 'KOMUNIKASI MULTIMEDIA', 'N/A', '2026-06-14 06:24:35', '2026-06-14 06:24:35'),
(138, 'MANAJEMEN INVESTASI DAN PORTOFOLIO', 'N/A', '2026-06-14 06:24:35', '2026-06-14 06:24:35'),
(139, 'PERBANKAN SYARIAH', 'N/A', '2026-06-14 06:24:35', '2026-06-14 06:24:35'),
(140, 'PEMASARAN INOVATIF', 'N/A', '2026-06-14 06:24:35', '2026-06-14 06:24:35'),
(141, 'ETIKA BISNIS & CSR', 'N/A', '2026-06-14 06:24:35', '2026-06-14 06:24:35'),
(142, 'KOMUNIKASI DAN NEGOSIASI BISNIS', 'N/A', '2026-06-14 06:24:35', '2026-06-14 06:24:35'),
(143, 'TEKNIK ANALISIS DATA', 'N/A', '2026-06-14 06:24:35', '2026-06-14 06:24:35'),
(144, 'MANAJEMEN RISIKO BISNIS', 'N/A', '2026-06-14 06:24:35', '2026-06-14 06:24:35'),
(145, 'BUSINESS PLAN', 'N/A', '2026-06-14 06:24:35', '2026-06-14 06:24:35'),
(146, 'PENYIARAN RADIO & TV', 'N/A', '2026-06-14 06:24:35', '2026-06-14 06:24:35'),
(147, 'STATISTIK SOSIAL', 'N/A', '2026-06-14 06:24:35', '2026-06-14 06:24:35'),
(148, 'JURNALISTIK & MEDIA KREATIF', 'N/A', '2026-06-14 06:24:35', '2026-06-14 06:24:35'),
(149, 'SEMINAR MANAJEMEN', 'N/A', '2026-06-14 06:24:35', '2026-06-14 06:24:35'),
(150, 'BIOLOGI TERAPAN', 'N/A', '2026-06-14 06:24:35', '2026-06-14 06:24:35'),
(151, 'MANAJEMEN INDUSTRI PERIKANAN', 'N/A', '2026-06-14 06:24:35', '2026-06-14 06:24:35'),
(152, 'AGRIBISNIS KREATIF', 'N/A', '2026-06-14 06:24:35', '2026-06-14 06:24:35'),
(153, 'MANAJEMEN PENCEMARAN LINGKUNGAN', 'N/A', '2026-06-14 06:24:35', '2026-06-14 06:24:35'),
(154, 'EVENT MANAGEMENT', 'N/A', '2026-06-14 06:24:35', '2026-06-14 06:24:35'),
(155, 'PENGANTAR ILMU PERIKANAN', 'N/A', '2026-06-14 06:24:35', '2026-06-14 06:24:35'),
(156, 'MANAJEMEN AGROINDUSTRI DAN MUTU PRODUK', 'N/A', '2026-06-14 06:24:35', '2026-06-14 06:24:35'),
(157, 'KORESPONDENSI BISNIS', 'N/A', '2026-06-14 06:24:35', '2026-06-14 06:24:35'),
(158, 'METODOLOGI ILMIAH', 'N/A', '2026-06-14 06:24:35', '2026-06-14 06:24:35'),
(159, 'METODE ILMIAH', 'N/A', '2026-06-14 06:24:35', '2026-06-14 06:24:35'),
(160, 'EDITING VIDEO', 'N/A', '2026-06-14 06:24:35', '2026-06-14 06:24:35'),
(161, 'KULIAH KERJA LAPANGAN (KKL)', 'N/A', '2026-06-14 06:24:35', '2026-06-14 06:24:35'),
(162, 'MAGANG', 'N/A', '2026-06-14 06:24:35', '2026-06-14 06:24:35'),
(163, 'PRAKTIK LAPANGAN', 'N/A', '2026-06-14 06:24:35', '2026-06-14 06:24:35'),
(164, 'KUNJUNGAN INDUSTRI', 'N/A', '2026-06-14 06:24:35', '2026-06-14 06:24:35'),
(165, 'SEMINAR PROPOSAL', 'N/A', '2026-06-14 06:24:35', '2026-06-14 06:24:35'),
(166, 'SISTEM BASIS DATA', 'N/A', '2026-06-14 06:24:35', '2026-06-14 06:24:35'),
(167, 'PEMROGRAMAN BERORIENTASI OBJEK', 'N/A', '2026-06-14 06:24:35', '2026-06-14 06:24:35'),
(168, 'MACHINE LEARNING', 'N/A', '2026-06-14 06:24:35', '2026-06-14 06:24:35'),
(169, 'REKAYASA PERANGKAT LUNAK', 'N/A', '2026-06-14 06:24:35', '2026-06-14 06:24:35'),
(170, 'SISTEM DIGITAL', 'N/A', '2026-06-14 06:24:35', '2026-06-14 06:24:35'),
(171, 'APLIKASI KOMPUTER', 'N/A', '2026-06-14 06:24:35', '2026-06-14 06:24:35'),
(172, 'PEMROGRAMAN TERDISTRIBUSI', 'N/A', '2026-06-14 06:24:35', '2026-06-14 06:24:35'),
(173, 'PRAKTIKUM ALGORITMA PEMROGRAMAN DASAR', 'N/A', '2026-06-14 06:24:35', '2026-06-14 06:24:35'),
(174, 'SOFTWARE DESIGN AND ARCHITECTURE', 'N/A', '2026-06-14 06:24:35', '2026-06-14 06:24:35'),
(175, 'DASAR - DASAR ILMU TANAH', 'N/A', '2026-06-14 06:24:35', '2026-06-14 06:24:35'),
(176, 'PEMBIAYAAN AGRIBISNIS', 'N/A', '2026-06-14 06:24:35', '2026-06-14 06:24:35'),
(177, 'TEKNIK BUDIDAYA TANAMAN', 'N/A', '2026-06-14 06:24:35', '2026-06-14 06:24:35'),
(178, 'ALGORITMA PEMROGRAMAN DASAR', 'N/A', '2026-06-14 06:24:35', '2026-06-14 06:24:35'),
(179, 'MATEMATIKA DISKRIT', 'N/A', '2026-06-14 06:24:35', '2026-06-14 06:24:35'),
(180, 'MANAJEMEN PROYEK IT', 'N/A', '2026-06-14 06:24:35', '2026-06-14 06:24:35'),
(181, 'TEORI BAHASA & AUTOMATA', 'N/A', '2026-06-14 06:24:35', '2026-06-14 06:24:35'),
(182, 'PENGANTAR TEKNOLOGI INFORMASI', 'N/A', '2026-06-14 06:24:35', '2026-06-14 06:24:35'),
(183, 'ENGLISH COMUMUNICATION SKILLS', 'N/A', '2026-06-14 06:24:36', '2026-06-14 06:24:36'),
(184, 'DATA MINING', 'N/A', '2026-06-14 06:24:36', '2026-06-14 06:24:36'),
(185, 'E-COMMERCE', 'N/A', '2026-06-14 06:24:36', '2026-06-14 06:24:36'),
(186, 'ARSITEKTUR ORGANISASI KOMPUTER', 'N/A', '2026-06-14 06:24:36', '2026-06-14 06:24:36'),
(187, 'TEKNOLOGI PEMBESARAN IKAN AIR TAWAR', 'N/A', '2026-06-14 06:24:36', '2026-06-14 06:24:36'),
(188, 'KRIPTOGRAFI', 'N/A', '2026-06-14 06:24:36', '2026-06-14 06:24:36'),
(189, 'DIVERSIFIKASI DAN PENGEMBANGAN PRODUK PERIKANAN', 'N/A', '2026-06-14 06:24:36', '2026-06-14 06:24:36'),
(190, 'FORMULASI PAKAN', 'N/A', '2026-06-14 06:24:36', '2026-06-14 06:24:36'),
(191, 'DASAR-DASAR BUDIDAYA PERAIRAN', 'N/A', '2026-06-14 06:24:36', '2026-06-14 06:24:36'),
(192, 'MARINE KULTUR', 'N/A', '2026-06-14 06:24:36', '2026-06-14 06:24:36'),
(193, 'AVERTEBRATA  AIR', 'N/A', '2026-06-14 06:24:36', '2026-06-14 06:24:36'),
(194, 'BIOKIMIA', 'N/A', '2026-06-14 06:24:36', '2026-06-14 06:24:36'),
(195, 'PERAMALAN BISNIS', 'N/A', '2026-06-14 06:24:36', '2026-06-14 06:24:36'),
(196, 'PENGETAHUAN BAHAN PAKAN', 'N/A', '2026-06-14 06:24:36', '2026-06-14 06:24:36'),
(197, 'TEKNIK LABORATORIUM*', 'N/A', '2026-06-14 06:24:36', '2026-06-14 06:24:36'),
(198, 'TEKNOLOGI PENGOLAHAN HASIL PERIKANAN', 'N/A', '2026-06-14 06:24:36', '2026-06-14 06:24:36'),
(199, 'EKOLOGI PERAIRAN', 'N/A', '2026-06-14 06:24:36', '2026-06-14 06:24:36'),
(200, 'PERENCANAAN USAHA PERIKANAN', 'N/A', '2026-06-14 06:24:36', '2026-06-14 06:24:36'),
(201, 'MANAJEMEN AGRIBISNIS', 'N/A', '2026-06-14 06:24:36', '2026-06-14 06:24:36'),
(202, 'TEKNOLOGI INFORMASI AGRIBISNIS', 'N/A', '2026-06-14 06:24:36', '2026-06-14 06:24:36'),
(203, 'MATEMATIKA EKONOMI', 'N/A', '2026-06-14 06:24:36', '2026-06-14 06:24:36'),
(204, 'KOMUNIKASI DAN PENYULUH PERTANIAN', 'N/A', '2026-06-14 06:24:36', '2026-06-14 06:24:36'),
(205, 'DASAR-DASAR AGRONOMI', 'N/A', '2026-06-14 06:24:36', '2026-06-14 06:24:36'),
(206, 'EKONOMI PERTANIAN', 'N/A', '2026-06-14 06:24:36', '2026-06-14 06:24:36'),
(207, 'APLIKASI KOMPUTER DALAM AGRIBISNIS', 'N/A', '2026-06-14 06:24:36', '2026-06-14 06:24:36'),
(208, 'METODE KUANTITATIF BISNIS', 'N/A', '2026-06-14 06:24:36', '2026-06-14 06:24:36'),
(209, 'METODE KUALITATIF BISNIS', 'N/A', '2026-06-14 06:24:36', '2026-06-14 06:24:36'),
(210, 'BISNIS KOMODITAS PRODUK PANGAN DAN HORTIKULTURA', 'N/A', '2026-06-14 06:24:36', '2026-06-14 06:24:36'),
(211, 'PRAKTIK BISNIS DAN KEWIRAUSAHAAN', 'N/A', '2026-06-14 06:24:36', '2026-06-14 06:24:36'),
(212, 'E-BISNIS PERTANIAN', 'N/A', '2026-06-14 06:24:36', '2026-06-14 06:24:36'),
(213, 'BISNIS INTERNASIONAL', 'N/A', '2026-06-14 06:24:36', '2026-06-14 06:24:36');

-- --------------------------------------------------------

--
-- Struktur dari tabel `migrations`
--

CREATE TABLE `migrations` (
  `id` int(10) UNSIGNED NOT NULL,
  `migration` varchar(255) NOT NULL,
  `batch` int(11) NOT NULL
) ENGINE=InnoDB DEFAULT CHARSET=utf8mb4 COLLATE=utf8mb4_unicode_ci;

--
-- Dumping data untuk tabel `migrations`
--

INSERT INTO `migrations` (`id`, `migration`, `batch`) VALUES
(1, '0001_01_01_000000_create_users_table', 1),
(2, '0001_01_01_000001_create_cache_table', 1),
(3, '0001_01_01_000002_create_jobs_table', 1),
(4, '2026_06_13_013955_create_prodis_table', 1),
(5, '2026_06_13_013956_create_dosens_table', 1),
(6, '2026_06_13_013956_create_mata_kuliahs_table', 1),
(7, '2026_06_13_013957_create_jadwals_table', 1),
(8, '2026_06_13_013958_create_evaluations_table', 1),
(9, '2026_06_13_094508_create_periodes_table', 1),
(10, '2026_06_13_104207_add_periode_to_jadwals_table', 1),
(11, '2026_06_13_105650_create_questions_table', 1),
(12, '2026_06_13_105709_update_evaluations_for_dynamic_questions', 1);

-- --------------------------------------------------------

--
-- Struktur dari tabel `password_reset_tokens`
--

CREATE TABLE `password_reset_tokens` (
  `email` varchar(255) NOT NULL,
  `token` varchar(255) NOT NULL,
  `created_at` timestamp NULL DEFAULT NULL
) ENGINE=InnoDB DEFAULT CHARSET=utf8mb4 COLLATE=utf8mb4_unicode_ci;

-- --------------------------------------------------------

--
-- Struktur dari tabel `periodes`
--

CREATE TABLE `periodes` (
  `id` bigint(20) UNSIGNED NOT NULL,
  `name` varchar(255) NOT NULL,
  `is_active` tinyint(1) NOT NULL DEFAULT 0,
  `created_at` timestamp NULL DEFAULT NULL,
  `updated_at` timestamp NULL DEFAULT NULL
) ENGINE=InnoDB DEFAULT CHARSET=utf8mb4 COLLATE=utf8mb4_unicode_ci;

--
-- Dumping data untuk tabel `periodes`
--

INSERT INTO `periodes` (`id`, `name`, `is_active`, `created_at`, `updated_at`) VALUES
(1, '2025 / 2026 GENAP REGULER', 1, '2026-06-14 06:24:15', '2026-06-14 06:24:48'),
(2, '2025 / 2026 GANJIL REGULER', 0, '2026-06-14 06:24:35', '2026-06-14 06:24:48');

-- --------------------------------------------------------

--
-- Struktur dari tabel `prodis`
--

CREATE TABLE `prodis` (
  `id` bigint(20) UNSIGNED NOT NULL,
  `name` varchar(255) NOT NULL,
  `created_at` timestamp NULL DEFAULT NULL,
  `updated_at` timestamp NULL DEFAULT NULL
) ENGINE=InnoDB DEFAULT CHARSET=utf8mb4 COLLATE=utf8mb4_unicode_ci;

--
-- Dumping data untuk tabel `prodis`
--

INSERT INTO `prodis` (`id`, `name`, `created_at`, `updated_at`) VALUES
(1, 'ILMU KOMUNIKASI', '2026-06-13 16:05:08', '2026-06-13 16:05:08'),
(2, 'AGRIBISNIS', '2026-06-13 16:05:08', '2026-06-13 16:05:08'),
(3, 'MANAJEMEN', '2026-06-13 16:05:09', '2026-06-13 16:05:09'),
(4, 'ILMU KOMPUTER', '2026-06-13 16:05:09', '2026-06-13 16:05:09'),
(5, 'ILMU PERIKANAN', '2026-06-13 16:05:09', '2026-06-13 16:05:09');

-- --------------------------------------------------------

--
-- Struktur dari tabel `questions`
--

CREATE TABLE `questions` (
  `id` bigint(20) UNSIGNED NOT NULL,
  `section` varchar(255) DEFAULT NULL,
  `question_text` text NOT NULL,
  `is_active` tinyint(1) NOT NULL DEFAULT 1,
  `order_num` int(11) NOT NULL DEFAULT 0,
  `created_at` timestamp NULL DEFAULT NULL,
  `updated_at` timestamp NULL DEFAULT NULL
) ENGINE=InnoDB DEFAULT CHARSET=utf8mb4 COLLATE=utf8mb4_unicode_ci;

--
-- Dumping data untuk tabel `questions`
--

INSERT INTO `questions` (`id`, `section`, `question_text`, `is_active`, `order_num`, `created_at`, `updated_at`) VALUES
(1, 'A. PROSES BELAJAR MENGAJAR', 'Rencana materi dalam bentuk Rencana Pembelajaran Semester (RPS) dan tujuan mata kuliah dijelaskan saat awal semester perkuliahan', 1, 1, '2026-06-13 16:05:08', '2026-06-13 16:05:08'),
(2, 'A. PROSES BELAJAR MENGAJAR', 'Dosen datang tepat waktu dan mengajar sesuai jadwal perkuliahan, kecuali berhalangan/ ditugaskan (Surat Tugas diinformasikan)', 1, 2, '2026-06-13 16:05:08', '2026-06-13 16:05:08'),
(3, 'A. PROSES BELAJAR MENGAJAR', 'Diadakan tanya jawab, diskusi dan pembahasan latihan soal dalam proses pembelajaran', 1, 3, '2026-06-13 16:05:08', '2026-06-13 16:05:08'),
(4, 'A. PROSES BELAJAR MENGAJAR', 'Manfaat soal latihan atau studi kasus dalam menambah pemahanan mata kuliah ini', 1, 4, '2026-06-13 16:05:08', '2026-06-13 16:05:08'),
(5, 'A. PROSES BELAJAR MENGAJAR', 'Kesesuain evaluasi (tugas, kuis, UTS dan UAS) dengan materi yang diajarkan', 1, 5, '2026-06-13 16:05:08', '2026-06-13 16:05:08'),
(6, 'A. PROSES BELAJAR MENGAJAR', 'Pembahasan (integrasi) hasil Penelitian dan/ atau hasil Pengabdian kepada Masyarakat yang berhubungan dengan mata kuliah', 1, 6, '2026-06-13 16:05:08', '2026-06-13 16:05:08'),
(7, 'A. PROSES BELAJAR MENGAJAR', 'Sistematika menjelaskan kuliah (dosen menerangkan dengan baik kriteria penilaian secara rasional dan sesuai dengan aturan yang berlaku saat perjanjian pra kuliah)', 1, 7, '2026-06-13 16:05:08', '2026-06-13 16:05:08'),
(8, 'A. PROSES BELAJAR MENGAJAR', 'Latihan soal terhadap setiap materi yang diberikan', 1, 8, '2026-06-13 16:05:08', '2026-06-13 16:05:08'),
(9, 'A. PROSES BELAJAR MENGAJAR', 'Kesesuaian materi dan/ atau praktikum yang diberikan terhadap bahan kuliah', 1, 9, '2026-06-13 16:05:08', '2026-06-13 16:05:08'),
(10, 'B. KAPABILITAS (KOMPETENSI DOSEN)', 'Kemampuan dosen dalam menjelaskan materi perkuliahan', 1, 10, '2026-06-13 16:05:08', '2026-06-13 16:05:08'),
(11, 'B. KAPABILITAS (KOMPETENSI DOSEN)', 'Penguasaan materi, wawasan, materi perkuliahan dan praktikum', 1, 11, '2026-06-13 16:05:08', '2026-06-13 16:05:08'),
(12, 'B. KAPABILITAS (KOMPETENSI DOSEN)', 'Kemampuan dosen menjawab pertanyaan', 1, 12, '2026-06-13 16:05:08', '2026-06-13 16:05:08'),
(13, 'B. KAPABILITAS (KOMPETENSI DOSEN)', 'Penggunaan media pembelajaran pendukung seperti video, quizizz, kahoot, mentimeter dll', 1, 13, '2026-06-13 16:05:08', '2026-06-13 16:05:08'),
(14, 'B. KAPABILITAS (KOMPETENSI DOSEN)', 'Kemampuan dosen dalam memberikan motivasi/ membangkitkan minat belajar, menghidupkan suasana kelas dan mendorong mahasiswa untuk bersikap/ berperilaku serta berbudi pekerti luhur', 1, 14, '2026-06-13 16:05:08', '2026-06-13 16:05:08'),
(15, 'B. KAPABILITAS (KOMPETENSI DOSEN)', 'Kemampuan dosen mendorong mahasiswa/i untuk melakukan riset dan berkarya sesuai dengan bidang keahliannya', 1, 15, '2026-06-13 16:05:08', '2026-06-13 16:05:08'),
(16, 'C. KETERSEDIAAN SARANA', 'Bahan ajar (handout/ filet ppt/ canva) tersedia dengan baik dan dibagikan melalui SIMAK atau LMS', 1, 16, '2026-06-13 16:05:08', '2026-06-13 16:05:08'),
(17, 'C. KETERSEDIAAN SARANA', 'Buku referensi (textbook) diinformasikan dan tersedia', 1, 17, '2026-06-13 16:05:08', '2026-06-13 16:05:08');

-- --------------------------------------------------------

--
-- Struktur dari tabel `sessions`
--

CREATE TABLE `sessions` (
  `id` varchar(255) NOT NULL,
  `user_id` bigint(20) UNSIGNED DEFAULT NULL,
  `ip_address` varchar(45) DEFAULT NULL,
  `user_agent` text DEFAULT NULL,
  `payload` longtext NOT NULL,
  `last_activity` int(11) NOT NULL
) ENGINE=InnoDB DEFAULT CHARSET=utf8mb4 COLLATE=utf8mb4_unicode_ci;

--
-- Dumping data untuk tabel `sessions`
--

INSERT INTO `sessions` (`id`, `user_id`, `ip_address`, `user_agent`, `payload`, `last_activity`) VALUES
('0YlLsfVDgDRRfnEK0fOjDs5hFUqkH5U6zRLEyDyE', NULL, '125.167.59.73', 'Mozilla/5.0 (Windows NT 10.0; Win64; x64) AppleWebKit/537.36 (KHTML, like Gecko) Chrome/149.0.0.0 Safari/537.36', 'eyJfdG9rZW4iOiI3T3dFZTc0M3Y2OENNN3J0Wjk0eFZ3QzZDcmRiY0ppb3p0RE10OWxyIiwiX3ByZXZpb3VzIjp7InVybCI6Imh0dHA6XC9cLzIwMi4xNDYuMTgxLjg1OjgwODVcL2FkbWluXC9sYXBvcmFuXC9wcmV2aWV3P3BlcmlvZGU9MjAyNSUyMCUyRiUyMDIwMjYlMjBHRU5BUCUyMFJFR1VMRVIiLCJyb3V0ZSI6ImFkbWluLmxhcG9yYW4ucHJldmlldyJ9LCJfZmxhc2giOnsib2xkIjpbXSwibmV3IjpbXX19', 1781707303),
('1qKOOKHlHjP0XAFIvCFv9DgoVoH2shA2ERG05EH4', NULL, '202.146.176.208', 'Mozilla/5.0 (Linux; Android 10; K) AppleWebKit/537.36 (KHTML, like Gecko) Chrome/149.0.0.0 Mobile Safari/537.36', 'eyJfdG9rZW4iOiJNNDdXRDVPQU9pS001VWFTc01ldWFXSHh6aVR4OUM4MEp4SXVhb3puIiwiX3ByZXZpb3VzIjp7InVybCI6Imh0dHA6XC9cLzIwMi4xNDYuMTgxLjg1OjgwODVcL2dldC1qYWR3YWxzXC80Iiwicm91dGUiOiJnZW5lcmF0ZWQ6OlJNc2Y1OWo5WHp2RjlzWGgifSwiX2ZsYXNoIjp7Im9sZCI6W10sIm5ldyI6W119fQ==', 1781757876),
('23x5PyMReSLKfZ5hmUu01gVCeWkyJWtQ6nPr1dmO', NULL, '114.10.98.187', 'Mozilla/5.0 (Linux; Android 10; K) AppleWebKit/537.36 (KHTML, like Gecko) Chrome/149.0.0.0 Mobile Safari/537.36', 'eyJfdG9rZW4iOiJObFlqMlNNVXNxbmV5VllXeVdGUDhHZzRtZFlFYnRJYVZKS3RpdDZPIiwiX3ByZXZpb3VzIjp7InVybCI6Imh0dHA6XC9cLzIwMi4xNDYuMTgxLjg1OjgwODUiLCJyb3V0ZSI6ImZvcm0uaW5kZXgifSwiX2ZsYXNoIjp7Im9sZCI6W10sIm5ldyI6W119fQ==', 1781752508),
('9RGM77PUpDndwP48nvwpDmvVtfoODC0y8wlAM4o0', NULL, '3.130.168.2', 'visionheight.com/scan Mozilla/5.0 (Macintosh; Intel Mac OS X 10_15_7) Chrome/126.0.0.0 Safari/537.36', 'eyJfdG9rZW4iOiJ2TkQ2S1BHc0xMc3BEWDVWQ01CYjNJQTRDWUw4WHY5SzROUG5GUHJlIiwiX3ByZXZpb3VzIjp7InVybCI6Imh0dHA6XC9cLzIwMi4xNDYuMTgxLjg1OjgwODUiLCJyb3V0ZSI6ImZvcm0uaW5kZXgifSwiX2ZsYXNoIjp7Im9sZCI6W10sIm5ldyI6W119fQ==', 1781711895),
('ahKz7MqGEKNFWuCP00NnN7lZ9lV51vijn8bXfV31', NULL, '103.136.59.212', 'Mozilla/5.0 (Android 15; Mobile; rv:151.0) Gecko/151.0 Firefox/151.0', 'eyJfdG9rZW4iOiJjMjBKYVhwY0NNMDNEaHJSdGwwNW51OHk4SHVCQXdFcGJSekc2SlNjIiwiX3ByZXZpb3VzIjp7InVybCI6Imh0dHA6XC9cLzIwMi4xNDYuMTgxLjg1OjgwODVcLz9fX2NmX2NobF90az1QaE1LdmxfdTNqWlBlTVIuSXp6S2RjOVl5UTJJamhTUUlJZFFjdkxWTUxvLTE3ODE3MTU5MTItMS4wLjEuMS02SnhIMjk5ekFFUXV0WklYUE41dHNxajhZMTd1UkVCSW1mMnpaRW1zZ3BjIiwicm91dGUiOiJmb3JtLmluZGV4In0sIl9mbGFzaCI6eyJvbGQiOltdLCJuZXciOltdfX0=', 1781715933),
('aIVUEzhNimGDRO0tNeggYGt2UGvy0pGWTaWFHndb', NULL, '182.1.230.14', 'Mozilla/5.0 (Linux; Android 10; K) AppleWebKit/537.36 (KHTML, like Gecko) Chrome/149.0.0.0 Mobile Safari/537.36', 'eyJfdG9rZW4iOiJ5YmJLOXZreFZmYzJWWkFQcHE2NXRjZ2VZT1NGNTVROFRhUUxKZmQ4IiwiX3ByZXZpb3VzIjp7InVybCI6Imh0dHA6XC9cLzIwMi4xNDYuMTgxLjg1OjgwODVcL3N1Y2Nlc3MiLCJyb3V0ZSI6ImZvcm0uc3VjY2VzcyJ9LCJfZmxhc2giOnsib2xkIjpbXSwibmV3IjpbXX19', 1781754771),
('akcdDK8N9KlaTcLCglCx00fDx7glfMuknD5zl1PM', NULL, '202.146.176.208', 'Mozilla/5.0 (Windows NT 10.0; Win64; x64) AppleWebKit/537.36 (KHTML, like Gecko) Chrome/149.0.0.0 Safari/537.36', 'eyJfdG9rZW4iOiJXejkyQ1JGNHdvMGtidXdyRDNuQWViaWQxYmZZYlltYWE3bUFGdDUxIiwiX3ByZXZpb3VzIjp7InVybCI6Imh0dHA6XC9cLzIwMi4xNDYuMTgxLjg1OjgwODVcL2FkbWluXC9sYXBvcmFuXC9wcmV2aWV3P3BlcmlvZGU9MjAyNSUyMCUyRiUyMDIwMjYlMjBHRU5BUCUyMFJFR1VMRVImcHJvZGlfaWQ9NCIsInJvdXRlIjoiYWRtaW4ubGFwb3Jhbi5wcmV2aWV3In0sIl9mbGFzaCI6eyJvbGQiOltdLCJuZXciOltdfX0=', 1781757846),
('akHiPu7HZv7hU6r884nqiWsXK9mBaDQSEeX8skPx', NULL, '125.167.59.73', 'Mozilla/5.0 (Windows NT 10.0; Win64; x64) AppleWebKit/537.36 (KHTML, like Gecko) Chrome/149.0.0.0 Safari/537.36', 'eyJfdG9rZW4iOiJxdmNsOVNrc3pJS1FESGtZSXhid24xVVpVenFCa3hVNDZVc0N0MGlNIiwiX3ByZXZpb3VzIjp7InVybCI6Imh0dHA6XC9cLzIwMi4xNDYuMTgxLjg1OjgwODVcL2FkbWluXC9sYXBvcmFuP3BlcmlvZGU9MjAyNSUyMCUyRiUyMDIwMjYlMjBHRU5BUCUyMFJFR1VMRVImcHJvZGlfaWQ9Iiwicm91dGUiOiJhZG1pbi5sYXBvcmFuIn0sIl9mbGFzaCI6eyJvbGQiOltdLCJuZXciOltdfX0=', 1781738480),
('aoNH8F6RWjAzH9JcyNhqZ9iXQTo0NpfL1jVbq04s', NULL, '31.14.254.18', 'Mozilla/5.0 (compatible; Infrawatch/1.0; +https://infrawat.ch/)', 'eyJfdG9rZW4iOiJVbWg0ZllpZGFqeTg5amtlazRTZTZxOEJ4Y01LUUZlc1JBUFVuZ2dZIiwiX3ByZXZpb3VzIjp7InVybCI6Imh0dHA6XC9cLzIwMi4xNDYuMTgxLjg1OjgwODUiLCJyb3V0ZSI6ImZvcm0uaW5kZXgifSwiX2ZsYXNoIjp7Im9sZCI6W10sIm5ldyI6W119fQ==', 1781718298),
('CsTOzS8MFBzqeRC9rVNz9XhCJDFWeoEPmTnG3HFp', NULL, '146.75.132.27', 'Mozilla/5.0 (iPhone; CPU iPhone OS 18_5 like Mac OS X) AppleWebKit/605.1.15 (KHTML, like Gecko) Version/18.5 Mobile/15E148 Safari/604.1', 'eyJfdG9rZW4iOiJJYkQ2UnlBY3dRd2tTUjNzZlc3TjRRRnUzdzBUYXcxNVZOZTBtYVFwIiwiX3ByZXZpb3VzIjp7InVybCI6Imh0dHA6XC9cLzIwMi4xNDYuMTgxLjg1OjgwODUiLCJyb3V0ZSI6ImZvcm0uaW5kZXgifSwiX2ZsYXNoIjp7Im9sZCI6W10sIm5ldyI6W119fQ==', 1781746212),
('f3vU1LqLVC2YLRSu6DrwnDgKcvr4A6gIz6dsS5H0', NULL, '3.131.220.121', 'visionheight.com/scan Mozilla/5.0 (Macintosh; Intel Mac OS X 10_15_7) Chrome/126.0.0.0 Safari/537.36', 'eyJfdG9rZW4iOiJpcFVxVUVHcTFNRW54RWt0RFR6VnZMU2VQeXZpbTlvY1N6UmEyVExOIiwiX3ByZXZpb3VzIjp7InVybCI6Imh0dHA6XC9cLzIwMi4xNDYuMTgxLjg1OjgwODUiLCJyb3V0ZSI6ImZvcm0uaW5kZXgifSwiX2ZsYXNoIjp7Im9sZCI6W10sIm5ldyI6W119fQ==', 1781717391),
('FoFAy3rEu80nJXXGiXNwzVCDf4546nZM6wOO788X', NULL, '140.213.64.232', 'Mozilla/5.0 (Linux; Android 10; K) AppleWebKit/537.36 (KHTML, like Gecko) Chrome/149.0.0.0 Mobile Safari/537.36', 'eyJfdG9rZW4iOiIxMjBKNHdFdlZQZUpFZ1drQWJIUG1FNUg0S1JKcWdQa3BkS2trWkVRIiwiX3ByZXZpb3VzIjp7InVybCI6Imh0dHA6XC9cLzIwMi4xNDYuMTgxLjg1OjgwODVcL2dldC1qYWR3YWxzXC8yIiwicm91dGUiOiJnZW5lcmF0ZWQ6OlJNc2Y1OWo5WHp2RjlzWGgifSwiX2ZsYXNoIjp7Im9sZCI6W10sIm5ldyI6W119fQ==', 1781753203),
('hrRC2NTyFQubpjPGuXM2IY6JUWpMkiOWk740Q4ly', NULL, '114.10.98.198', 'Mozilla/5.0 (Linux; Android 10; K) AppleWebKit/537.36 (KHTML, like Gecko) Chrome/149.0.0.0 Mobile Safari/537.36', 'eyJfdG9rZW4iOiJWRWRBU1ZNZmFEVDNtU0xZN3RFb0xwaUxXVm5WbFNzY3VwR0lPUGpaIiwiX3ByZXZpb3VzIjp7InVybCI6Imh0dHA6XC9cLzIwMi4xNDYuMTgxLjg1OjgwODUiLCJyb3V0ZSI6ImZvcm0uaW5kZXgifSwiX2ZsYXNoIjp7Im9sZCI6W10sIm5ldyI6W119fQ==', 1781751947),
('JsVTL1ckp7BM2zSpqt0SZRW1Tv8GWZj3Cs0rnU3R', NULL, '101.128.109.171', 'Mozilla/5.0 (Windows NT 10.0; Win64; x64) AppleWebKit/537.36 (KHTML, like Gecko) Chrome/149.0.0.0 Safari/537.36', 'eyJfdG9rZW4iOiI2Q2xTR3E5cXB2aWZ5TmJGTXdwNFpyV2RDZG9WTzZtc3FhcGtqV1Q3IiwiX3ByZXZpb3VzIjp7InVybCI6Imh0dHA6XC9cLzIwMi4xNDYuMTgxLjg1OjgwODVcL2dldC1qYWR3YWxzXC80Iiwicm91dGUiOiJnZW5lcmF0ZWQ6OlJNc2Y1OWo5WHp2RjlzWGgifSwiX2ZsYXNoIjp7Im9sZCI6W10sIm5ldyI6W119fQ==', 1781737980),
('k9CxZaJLtcCfAQq9rq7La1xDz8rOLsusJcuLUx6t', NULL, '103.75.150.19', 'Mozilla/5.0 (iPhone; CPU iPhone OS 18_0_0 like Mac OS X) AppleWebKit/605.1.15 (KHTML, like Gecko) GSA/425.6.927981711 Mobile/15E148 Safari/604.1', 'eyJfdG9rZW4iOiJaSnVMb1lYY3pSc01HOUtOQ25BNkVtY2tHSXo1UHkzbmxUMmNlQTJOIiwiX3ByZXZpb3VzIjp7InVybCI6Imh0dHA6XC9cLzIwMi4xNDYuMTgxLjg1OjgwODVcL2dldC1qYWR3YWxzXC8zIiwicm91dGUiOiJnZW5lcmF0ZWQ6OlJNc2Y1OWo5WHp2RjlzWGgifSwiX2ZsYXNoIjp7Im9sZCI6W10sIm5ldyI6W119fQ==', 1781752783),
('klZOiAVd6zFz32CE5DP2BD7WjExGjktSbk2Xu6gN', NULL, '114.10.98.172', 'Mozilla/5.0 (Linux; Android 10; K) AppleWebKit/537.36 (KHTML, like Gecko) Chrome/149.0.0.0 Mobile Safari/537.36', 'eyJfdG9rZW4iOiJVNzN6aGs0ampVMzlyWjBxblkwSUdHbnpaR1cyUXJobVdZNzJjdU16IiwiX3ByZXZpb3VzIjp7InVybCI6Imh0dHA6XC9cLzIwMi4xNDYuMTgxLjg1OjgwODVcL2dldC1qYWR3YWxzXC8zIiwicm91dGUiOiJnZW5lcmF0ZWQ6OlJNc2Y1OWo5WHp2RjlzWGgifSwiX2ZsYXNoIjp7Im9sZCI6W10sIm5ldyI6W119fQ==', 1781752959),
('l4IKIaAPYE1hNlu6mCPHBTPbZcdMEae46XtQ9tHJ', NULL, '3.131.220.121', 'visionheight.com/scan Mozilla/5.0 (Macintosh; Intel Mac OS X 10_15_7) Chrome/126.0.0.0 Safari/537.36', 'eyJfdG9rZW4iOiJQcW1Kc0ZncHl4OWVsT2V2cDlMdzROQlVxQVZYY0JrTVAwYk5vb3VKIiwiX3ByZXZpb3VzIjp7InVybCI6Imh0dHA6XC9cLzIwMi4xNDYuMTgxLjg1OjgwODUiLCJyb3V0ZSI6ImZvcm0uaW5kZXgifSwiX2ZsYXNoIjp7Im9sZCI6W10sIm5ldyI6W119fQ==', 1781717458),
('me2egyCLx7JrwxWrH43GLOd3wgr9jWYyv4KO8tJ8', NULL, '125.253.89.67', 'Mozilla/5.0 (compatible; UrlDownloadabilityBot/1.0; +https://tinyurl.com/)', 'eyJfdG9rZW4iOiJMVmJiWEdhcWdhSTBwMTdiS0p1T3Bxd2lIN01GNmFBMjBUaHUzWDJsIiwiX3ByZXZpb3VzIjp7InVybCI6Imh0dHA6XC9cLzIwMi4xNDYuMTgxLjg1OjgwODVcLz9fX2NmX2NobF90az01aHRqWThCUDRya0lNc3Q2YkV0Tm8ySUN1YVJGR0RlZTVxdVpNWHIwbHI0LTE3ODE3MzYwMjQtMS4wLjEuMS1leldIcmNlQ1A0QzhhX0FaWklvaHhRWXhTV2pRTndaTWNUZE1HQ3Z2Z2FBIiwicm91dGUiOiJmb3JtLmluZGV4In0sIl9mbGFzaCI6eyJvbGQiOltdLCJuZXciOltdfX0=', 1781736180),
('O1cFeknc5Msdt6MGDvWOC9HDoEaxzHy8GUY7Nuus', NULL, '180.244.144.223', 'Mozilla/5.0 (Linux; Android 10; K) AppleWebKit/537.36 (KHTML, like Gecko) Chrome/149.0.0.0 Mobile Safari/537.36', 'eyJfdG9rZW4iOiJEc1FLRDRjQXVKcEhkN2JaTFk3VVZ2bzE1MWFxOWFJWUR0MFFnY0NYIiwiX3ByZXZpb3VzIjp7InVybCI6Imh0dHA6XC9cLzIwMi4xNDYuMTgxLjg1OjgwODVcL2dldC1qYWR3YWxzXC80Iiwicm91dGUiOiJnZW5lcmF0ZWQ6OlJNc2Y1OWo5WHp2RjlzWGgifSwiX2ZsYXNoIjp7Im9sZCI6W10sIm5ldyI6W119fQ==', 1781707032),
('OXLqPGq6DBbeceYltGmmfRHpwyVsDKybrzdBjrwL', NULL, '66.132.186.177', 'Mozilla/5.0 (compatible; CensysInspect/1.1; +https://about.censys.io/)', 'eyJfdG9rZW4iOiJUTWlrRjVtcnMxREo3ZTI0Y0V0T0hkQ2U1S0Nlb1phZGQxT0pOellBIiwiX3ByZXZpb3VzIjp7InVybCI6Imh0dHA6XC9cLzIwMi4xNDYuMTgxLjg1OjgwODUiLCJyb3V0ZSI6ImZvcm0uaW5kZXgifSwiX2ZsYXNoIjp7Im9sZCI6W10sIm5ldyI6W119fQ==', 1781707579),
('pdiVbDnBh8hQy4nv8PfcZop2dAYvd568U8S70qC7', NULL, '3.130.168.2', 'visionheight.com/scan Mozilla/5.0 (Macintosh; Intel Mac OS X 10_15_7) Chrome/126.0.0.0 Safari/537.36', 'eyJfdG9rZW4iOiIxR0U1dGhzZzh5V2I4anNLdlBjZ0hYTG9EdXVNUzFicVJmWEM5TlphIiwiX3ByZXZpb3VzIjp7InVybCI6Imh0dHA6XC9cLzIwMi4xNDYuMTgxLjg1OjgwODUiLCJyb3V0ZSI6ImZvcm0uaW5kZXgifSwiX2ZsYXNoIjp7Im9sZCI6W10sIm5ldyI6W119fQ==', 1781711818),
('PZS4AxuCTtlRwSMexGDGEPyB4SZ47Nouy1nquMzy', NULL, '158.140.173.14', 'Mozilla/5.0 (iPhone; CPU iPhone OS 18_5 like Mac OS X) AppleWebKit/605.1.15 (KHTML, like Gecko) Mobile/15E148', 'eyJfdG9rZW4iOiJxa0dEVHVSbkRIemJseXZiWll3bmZRY1RRZHBEVW51QVlmaGZqdjdOIiwiX3ByZXZpb3VzIjp7InVybCI6Imh0dHA6XC9cLzIwMi4xNDYuMTgxLjg1OjgwODUiLCJyb3V0ZSI6ImZvcm0uaW5kZXgifSwiX2ZsYXNoIjp7Im9sZCI6W10sIm5ldyI6W119fQ==', 1781712486),
('qQYJCW7yBQjEJSSxUX03YDFRSn5AgMAwQKbj5TqF', NULL, '125.253.89.66', 'Mozilla/5.0 (compatible; UrlDownloadabilityBot/1.0; +https://tinyurl.com/)', 'eyJfdG9rZW4iOiJIVjJmTGl0R0l0eFlJcGxzMUJyQmpHMlo5aW5SMG5uTUxBdWJnbVc2IiwiX3ByZXZpb3VzIjp7InVybCI6Imh0dHA6XC9cLzIwMi4xNDYuMTgxLjg1OjgwODVcLz9fX2NmX2NobF90az1QaE1LdmxfdTNqWlBlTVIuSXp6S2RjOVl5UTJJamhTUUlJZFFjdkxWTUxvLTE3ODE3MTU5MTItMS4wLjEuMS02SnhIMjk5ekFFUXV0WklYUE41dHNxajhZMTd1UkVCSW1mMnpaRW1zZ3BjIiwicm91dGUiOiJmb3JtLmluZGV4In0sIl9mbGFzaCI6eyJvbGQiOltdLCJuZXciOltdfX0=', 1781715936),
('rQLdWgROkI9J0skIqyriKtsDeS8QZJfppWG6Cppz', NULL, '158.140.173.14', 'Mozilla/5.0 (iPhone; CPU iPhone OS 18_5 like Mac OS X) AppleWebKit/605.1.15 (KHTML, like Gecko) Mobile/15E148', 'eyJfdG9rZW4iOiJlbG1LQmxhVHE0bDJxSDB1UkJsTkZCemNLOW1DQ0MzR2NrZDVNRkk1IiwiX3ByZXZpb3VzIjp7InVybCI6Imh0dHA6XC9cLzIwMi4xNDYuMTgxLjg1OjgwODUiLCJyb3V0ZSI6ImZvcm0uaW5kZXgifSwiX2ZsYXNoIjp7Im9sZCI6W10sIm5ldyI6W119fQ==', 1781712429),
('ry7iDbdwoJSoXbo9obDVxIswaMaVzXoCpITGnL0h', NULL, '182.1.238.81', 'Mozilla/5.0 (Windows NT 10.0; Win64; x64) AppleWebKit/537.36 (KHTML, like Gecko) Chrome/149.0.0.0 Safari/537.36', 'eyJfdG9rZW4iOiJ4dzVIR21RWlpDQzU0YXVKV0FQd1A1UGVWYkZqYzdZZ1VaRTVJaGNjIiwiX3ByZXZpb3VzIjp7InVybCI6Imh0dHA6XC9cLzIwMi4xNDYuMTgxLjg1OjgwODVcL2dldC1qYWR3YWxzXC8xIiwicm91dGUiOiJnZW5lcmF0ZWQ6OlJNc2Y1OWo5WHp2RjlzWGgifSwiX2ZsYXNoIjp7Im9sZCI6W10sIm5ldyI6W119fQ==', 1781762541),
('szyZcEFO57a7BibZ7Izg4qyVMQwGo4mhq1MMHfjh', NULL, '158.140.173.14', 'Mozilla/5.0 (iPhone; CPU iPhone OS 18_5 like Mac OS X) AppleWebKit/605.1.15 (KHTML, like Gecko) Mobile/15E148', 'eyJfdG9rZW4iOiJIYXROTER5UzFUUnJsZnJqWlhjNUVDakcyQ05VNDFoRmJrQUZJSDZUIiwiX3ByZXZpb3VzIjp7InVybCI6Imh0dHA6XC9cLzIwMi4xNDYuMTgxLjg1OjgwODUiLCJyb3V0ZSI6ImZvcm0uaW5kZXgifSwiX2ZsYXNoIjp7Im9sZCI6W10sIm5ldyI6W119fQ==', 1781712464),
('thGUOdo2f3WaYXNOCRpuCyWXzJjyq0lvBBIegb71', NULL, '94.156.152.50', '', 'eyJfdG9rZW4iOiJMQ3dEbUFIMEU0RU9qalYxNFpyZXMwVGV2Z3NiVW1WcUFwMzNRSjlKIiwiX3ByZXZpb3VzIjp7InVybCI6Imh0dHA6XC9cLzIwMi4xNDYuMTgxLjg1OjgwODUiLCJyb3V0ZSI6ImZvcm0uaW5kZXgifSwiX2ZsYXNoIjp7Im9sZCI6W10sIm5ldyI6W119fQ==', 1781737638),
('u7XOXsAvFXFGV6I6JqX8dem8TGirakzb2wMeLV0D', NULL, '158.140.173.14', 'Mozilla/5.0 (iPhone; CPU iPhone OS 18_5 like Mac OS X) AppleWebKit/605.1.15 (KHTML, like Gecko) Mobile/15E148', 'eyJfdG9rZW4iOiJVSVg3S2tRUHZJVlcxSWJ1V1pGb0hwVEJ4WjRZZ2JNdzlFQXhkSkpIIiwiX3ByZXZpb3VzIjp7InVybCI6Imh0dHA6XC9cLzIwMi4xNDYuMTgxLjg1OjgwODUiLCJyb3V0ZSI6ImZvcm0uaW5kZXgifSwiX2ZsYXNoIjp7Im9sZCI6W10sIm5ldyI6W119fQ==', 1781712460),
('vwKFPRaOBs2LfsHFS7nNuJh8k2mFWB22URbZN6oj', NULL, '36.70.57.150', 'Mozilla/5.0 (Linux; Android 10; K) AppleWebKit/537.36 (KHTML, like Gecko) Chrome/149.0.0.0 Mobile Safari/537.36', 'eyJfdG9rZW4iOiJjTU9FRUwwakJrMUFJbVNWZGl0SnZDUHlUbWN2THp0ZlpReTMwc3pRIiwiX3ByZXZpb3VzIjp7InVybCI6Imh0dHA6XC9cLzIwMi4xNDYuMTgxLjg1OjgwODVcL2dldC1qYWR3YWxzXC8zIiwicm91dGUiOiJnZW5lcmF0ZWQ6OlJNc2Y1OWo5WHp2RjlzWGgifSwiX2ZsYXNoIjp7Im9sZCI6W10sIm5ldyI6W119fQ==', 1781752934),
('X2L5bGN9YGai32WljOFF72xWedh6qxG328EKYCi0', NULL, '218.33.120.9', 'Mozilla/5.0 (Linux; Android 10; K) AppleWebKit/537.36 (KHTML, like Gecko) Chrome/148.0.0.0 Mobile Safari/537.36', 'eyJfdG9rZW4iOiIwU0h1M3RwWW02cEtRYnNoYXdCbDhjdEZtM3B4bVNNeTVGUFdxZllHIiwiX3ByZXZpb3VzIjp7InVybCI6Imh0dHA6XC9cLzIwMi4xNDYuMTgxLjg1OjgwODUiLCJyb3V0ZSI6ImZvcm0uaW5kZXgifSwiX2ZsYXNoIjp7Im9sZCI6W10sIm5ldyI6W119fQ==', 1781758217),
('ZFPVXLic90zGcL6DVNYwVnU9hYOZFTStYzqhWU9p', NULL, '36.68.9.138', 'Mozilla/5.0 (Linux; Android 10; K) AppleWebKit/537.36 (KHTML, like Gecko) Chrome/149.0.0.0 Mobile Safari/537.36', 'eyJfdG9rZW4iOiJMRXNZMWkzbEhMMnFHclV5dVdKS3JGWEtlR3o0NnVocU94dzJEdFVEIiwiX3ByZXZpb3VzIjp7InVybCI6Imh0dHA6XC9cLzIwMi4xNDYuMTgxLjg1OjgwODVcL3N1Y2Nlc3MiLCJyb3V0ZSI6ImZvcm0uc3VjY2VzcyJ9LCJfZmxhc2giOnsib2xkIjpbXSwibmV3IjpbXX19', 1781753473);

-- --------------------------------------------------------

--
-- Struktur dari tabel `users`
--

CREATE TABLE `users` (
  `id` bigint(20) UNSIGNED NOT NULL,
  `name` varchar(255) NOT NULL,
  `email` varchar(255) NOT NULL,
  `email_verified_at` timestamp NULL DEFAULT NULL,
  `password` varchar(255) NOT NULL,
  `remember_token` varchar(100) DEFAULT NULL,
  `created_at` timestamp NULL DEFAULT NULL,
  `updated_at` timestamp NULL DEFAULT NULL
) ENGINE=InnoDB DEFAULT CHARSET=utf8mb4 COLLATE=utf8mb4_unicode_ci;

--
-- Indexes for dumped tables
--

--
-- Indeks untuk tabel `cache`
--
ALTER TABLE `cache`
  ADD PRIMARY KEY (`key`),
  ADD KEY `cache_expiration_index` (`expiration`);

--
-- Indeks untuk tabel `cache_locks`
--
ALTER TABLE `cache_locks`
  ADD PRIMARY KEY (`key`),
  ADD KEY `cache_locks_expiration_index` (`expiration`);

--
-- Indeks untuk tabel `dosens`
--
ALTER TABLE `dosens`
  ADD PRIMARY KEY (`id`);

--
-- Indeks untuk tabel `evaluations`
--
ALTER TABLE `evaluations`
  ADD PRIMARY KEY (`id`),
  ADD KEY `evaluations_jadwal_id_foreign` (`jadwal_id`);

--
-- Indeks untuk tabel `failed_jobs`
--
ALTER TABLE `failed_jobs`
  ADD PRIMARY KEY (`id`),
  ADD UNIQUE KEY `failed_jobs_uuid_unique` (`uuid`),
  ADD KEY `failed_jobs_connection_queue_failed_at_index` (`connection`,`queue`,`failed_at`);

--
-- Indeks untuk tabel `jadwals`
--
ALTER TABLE `jadwals`
  ADD PRIMARY KEY (`id`),
  ADD KEY `jadwals_prodi_id_foreign` (`prodi_id`),
  ADD KEY `jadwals_dosen_id_foreign` (`dosen_id`),
  ADD KEY `jadwals_mata_kuliah_id_foreign` (`mata_kuliah_id`);

--
-- Indeks untuk tabel `jobs`
--
ALTER TABLE `jobs`
  ADD PRIMARY KEY (`id`),
  ADD KEY `jobs_queue_index` (`queue`);

--
-- Indeks untuk tabel `job_batches`
--
ALTER TABLE `job_batches`
  ADD PRIMARY KEY (`id`);

--
-- Indeks untuk tabel `mata_kuliahs`
--
ALTER TABLE `mata_kuliahs`
  ADD PRIMARY KEY (`id`);

--
-- Indeks untuk tabel `migrations`
--
ALTER TABLE `migrations`
  ADD PRIMARY KEY (`id`);

--
-- Indeks untuk tabel `password_reset_tokens`
--
ALTER TABLE `password_reset_tokens`
  ADD PRIMARY KEY (`email`);

--
-- Indeks untuk tabel `periodes`
--
ALTER TABLE `periodes`
  ADD PRIMARY KEY (`id`),
  ADD UNIQUE KEY `periodes_name_unique` (`name`);

--
-- Indeks untuk tabel `prodis`
--
ALTER TABLE `prodis`
  ADD PRIMARY KEY (`id`);

--
-- Indeks untuk tabel `questions`
--
ALTER TABLE `questions`
  ADD PRIMARY KEY (`id`);

--
-- Indeks untuk tabel `sessions`
--
ALTER TABLE `sessions`
  ADD PRIMARY KEY (`id`),
  ADD KEY `sessions_user_id_index` (`user_id`),
  ADD KEY `sessions_last_activity_index` (`last_activity`);

--
-- Indeks untuk tabel `users`
--
ALTER TABLE `users`
  ADD PRIMARY KEY (`id`),
  ADD UNIQUE KEY `users_email_unique` (`email`);

--
-- AUTO_INCREMENT untuk tabel yang dibuang
--

--
-- AUTO_INCREMENT untuk tabel `dosens`
--
ALTER TABLE `dosens`
  MODIFY `id` bigint(20) UNSIGNED NOT NULL AUTO_INCREMENT, AUTO_INCREMENT=67;

--
-- AUTO_INCREMENT untuk tabel `evaluations`
--
ALTER TABLE `evaluations`
  MODIFY `id` bigint(20) UNSIGNED NOT NULL AUTO_INCREMENT, AUTO_INCREMENT=126;

--
-- AUTO_INCREMENT untuk tabel `failed_jobs`
--
ALTER TABLE `failed_jobs`
  MODIFY `id` bigint(20) UNSIGNED NOT NULL AUTO_INCREMENT;

--
-- AUTO_INCREMENT untuk tabel `jadwals`
--
ALTER TABLE `jadwals`
  MODIFY `id` bigint(20) UNSIGNED NOT NULL AUTO_INCREMENT, AUTO_INCREMENT=452;

--
-- AUTO_INCREMENT untuk tabel `jobs`
--
ALTER TABLE `jobs`
  MODIFY `id` bigint(20) UNSIGNED NOT NULL AUTO_INCREMENT;

--
-- AUTO_INCREMENT untuk tabel `mata_kuliahs`
--
ALTER TABLE `mata_kuliahs`
  MODIFY `id` bigint(20) UNSIGNED NOT NULL AUTO_INCREMENT, AUTO_INCREMENT=214;

--
-- AUTO_INCREMENT untuk tabel `migrations`
--
ALTER TABLE `migrations`
  MODIFY `id` int(10) UNSIGNED NOT NULL AUTO_INCREMENT, AUTO_INCREMENT=13;

--
-- AUTO_INCREMENT untuk tabel `periodes`
--
ALTER TABLE `periodes`
  MODIFY `id` bigint(20) UNSIGNED NOT NULL AUTO_INCREMENT, AUTO_INCREMENT=3;

--
-- AUTO_INCREMENT untuk tabel `prodis`
--
ALTER TABLE `prodis`
  MODIFY `id` bigint(20) UNSIGNED NOT NULL AUTO_INCREMENT, AUTO_INCREMENT=6;

--
-- AUTO_INCREMENT untuk tabel `questions`
--
ALTER TABLE `questions`
  MODIFY `id` bigint(20) UNSIGNED NOT NULL AUTO_INCREMENT, AUTO_INCREMENT=18;

--
-- AUTO_INCREMENT untuk tabel `users`
--
ALTER TABLE `users`
  MODIFY `id` bigint(20) UNSIGNED NOT NULL AUTO_INCREMENT;

--
-- Ketidakleluasaan untuk tabel pelimpahan (Dumped Tables)
--

--
-- Ketidakleluasaan untuk tabel `evaluations`
--
ALTER TABLE `evaluations`
  ADD CONSTRAINT `evaluations_jadwal_id_foreign` FOREIGN KEY (`jadwal_id`) REFERENCES `jadwals` (`id`) ON DELETE CASCADE;

--
-- Ketidakleluasaan untuk tabel `jadwals`
--
ALTER TABLE `jadwals`
  ADD CONSTRAINT `jadwals_dosen_id_foreign` FOREIGN KEY (`dosen_id`) REFERENCES `dosens` (`id`) ON DELETE CASCADE,
  ADD CONSTRAINT `jadwals_mata_kuliah_id_foreign` FOREIGN KEY (`mata_kuliah_id`) REFERENCES `mata_kuliahs` (`id`) ON DELETE CASCADE,
  ADD CONSTRAINT `jadwals_prodi_id_foreign` FOREIGN KEY (`prodi_id`) REFERENCES `prodis` (`id`) ON DELETE CASCADE;
COMMIT;

/*!40101 SET CHARACTER_SET_CLIENT=@OLD_CHARACTER_SET_CLIENT */;
/*!40101 SET CHARACTER_SET_RESULTS=@OLD_CHARACTER_SET_RESULTS */;
/*!40101 SET COLLATION_CONNECTION=@OLD_COLLATION_CONNECTION */;
